1,Sirkett, Nickolaus,nsirkett0@nba.com,224.99.14.20
3,Penning, Farrah,fpenning2@princeton.edu,100.158.195.226
5,Matteoni, Lesya,lmatteoni4@bing.com,175.220.31.54
7,Dadge, Star,sdadge6@ameblo.jp,107.59.168.202
13,Vinall, Linus,lvinallc@smugmug.com,31.176.252.25
15,Valentinuzzi, Kip,kvalentinuzzie@virginia.edu,76.180.226.178
17,Cockitt, Annis,acockittg@merriam-webster.com,253.35.4.254
21,Fettiplace, Aline,afettiplacek@ycombinator.com,61.41.236.182
25,Fraser, Isobel,ifrasero@squidoo.com,190.253.97.153
31,Renshall, Tine,trenshallu@fda.gov,57.203.138.65
37,Palister, Gae,gpalister10@livejournal.com,206.193.155.90
39,Bolderoe, Dud,dbolderoe12@prnewswire.com,83.252.136.12
41,Druhan, Marilyn,mdruhan14@flavors.me,104.157.90.12
43,Pumfrey, Elberta,epumfrey16@phoca.cz,99.114.85.103
45,Youd, Brianne,byoud18@alexa.com,184.124.135.156
49,Aubry, Othilie,oaubry1c@diigo.com,84.170.153.25
53,Brazener, Magdaia,mbrazener1g@japanpost.jp,243.47.82.228
55,Rumin, Addie,arumin1i@exblog.jp,207.22.156.13
57,Maffioletti, Jsandye,jmaffioletti1k@smh.com.au,44.25.111.252
59,Thunnercliff, Addie,athunnercliff1m@nature.com,51.84.130.151
61,Sherman, Tabitha,tsherman1o@cargocollective.com,165.224.104.104
63,Pittel, Lorraine,lpittel1q@cyberchimps.com,251.1.198.152
65,Ponnsett, Jobina,jponnsett1s@printfriendly.com,48.79.213.167
75,Chuck, Hope,hchuck22@geocities.com,159.39.177.236
77,Kellick, Birgit,bkellick24@hexun.com,197.53.235.134
83,Brockhouse, Abigale,abrockhouse2a@pen.io,68.248.156.11
87,Moorfield, Consuela,cmoorfield2e@oracle.com,160.226.244.56
89,Matterface, Emalee,ematterface2g@wunderground.com,124.1.109.250
91,Croall, Ginnifer,gcroall2i@163.com,231.132.130.181
93,Welberry, Antonia,awelberry2k@earthlink.net,40.160.57.102
99,Deeves, Emmerich,edeeves2q@nbcnews.com,58.123.70.85
