1,Sirkett, Nickolaus,nsirkett0@nba.com,224.99.14.20
3,Penning, Farrah,fpenning2@princeton.edu,100.158.195.226
5,Matteoni, Lesya,lmatteoni4@bing.com,175.220.31.54
7,Dadge, Star,sdadge6@ameblo.jp,107.59.168.202
8,Hakking, Melisandra,mhakking7@huffingtonpost.com,155.125.112.172
9,Hove, Ware,whove8@statcounter.com,106.87.54.105
10,Slatten, Ninette,nslatten9@netscape.com,98.69.178.136
11,Ranyelld, Farley,franyellda@msu.edu,226.244.111.213
13,Vinall, Linus,lvinallc@smugmug.com,31.176.252.25
14,Lever, Bee,bleverd@unesco.org,175.190.128.160
15,Valentinuzzi, Kip,kvalentinuzzie@virginia.edu,76.180.226.178
17,Cockitt, Annis,acockittg@merriam-webster.com,253.35.4.254
19,Tembridge, Adolphe,atembridgei@umich.edu,198.110.47.214
20,Guarnier, Paulina,pguarnierj@amazon.de,182.158.2.87
21,Fettiplace, Aline,afettiplacek@ycombinator.com,61.41.236.182
22,Duchenne, Babs,bduchennel@newsvine.com,244.165.195.45
23,Rioch, Vincents,vriochm@cpanel.net,193.2.223.238
24,Germann, Sibelle,sgermannn@businesswire.com,253.109.243.139
25,Fraser, Isobel,ifrasero@squidoo.com,190.253.97.153
26,Allbon, Doralynn,dallbonp@unblog.fr,243.87.110.184
27,Boutellier, Norton,nboutellierq@zimbio.com,232.117.89.68
29,Dzeniskevich, Bobbie,bdzeniskevichs@diigo.com,249.139.237.195
30,Carberry, Meridel,mcarberryt@digg.com,183.114.178.214
31,Renshall, Tine,trenshallu@fda.gov,57.203.138.65
32,Jinkins, Nollie,njinkinsv@deviantart.com,206.190.76.199
33,Troucher, Haywood,htroucherw@ihg.com,3.151.94.78
35,Harse, Harbert,hharsey@loc.gov,96.75.7.123
37,Palister, Gae,gpalister10@livejournal.com,206.193.155.90
38,Moye, Diannne,dmoye11@goodreads.com,32.32.140.161
39,Bolderoe, Dud,dbolderoe12@prnewswire.com,83.252.136.12
40,Stoaks, Halley,hstoaks13@imageshack.us,31.242.151.130
41,Druhan, Marilyn,mdruhan14@flavors.me,104.157.90.12
42,Van de Castele, Atlante,avandecastele15@mysql.com,199.31.58.201
43,Pumfrey, Elberta,epumfrey16@phoca.cz,99.114.85.103
45,Youd, Brianne,byoud18@alexa.com,184.124.135.156
47,Deware, Hi,hdeware1a@miibeian.gov.cn,224.234.17.113
48,Mildner, Bobina,bmildner1b@disqus.com,191.210.159.166
49,Aubry, Othilie,oaubry1c@diigo.com,84.170.153.25
51,Clubley, Frederico,fclubley1e@yahoo.co.jp,99.50.13.254
52,Godart, Xaviera,xgodart1f@reddit.com,63.209.153.146
53,Brazener, Magdaia,mbrazener1g@japanpost.jp,243.47.82.228
54,McKinnell, Cordy,cmckinnell1h@netscape.com,179.195.219.16
55,Rumin, Addie,arumin1i@exblog.jp,207.22.156.13
56,Janczyk, Selestina,sjanczyk1j@hubpages.com,132.96.141.123
57,Maffioletti, Jsandye,jmaffioletti1k@smh.com.au,44.25.111.252
58,Realff, Traci,trealff1l@fda.gov,83.13.26.242
59,Thunnercliff, Addie,athunnercliff1m@nature.com,51.84.130.151
60,Bewlay, Teddie,tbewlay1n@slideshare.net,119.5.124.207
61,Sherman, Tabitha,tsherman1o@cargocollective.com,165.224.104.104
62,Ludgate, Patti,pludgate1p@myspace.com,40.183.130.253
63,Pittel, Lorraine,lpittel1q@cyberchimps.com,251.1.198.152
64,Redrup, Delphine,dredrup1r@webnode.com,156.211.248.220
65,Ponnsett, Jobina,jponnsett1s@printfriendly.com,48.79.213.167
67,Bryer, Cedric,cbryer1u@jugem.jp,106.81.36.205
69,Jakucewicz, Tannie,tjakucewicz1w@g.co,209.70.230.107
70,Kopf, Darbie,dkopf1x@blogspot.com,116.152.112.254
71,Osbaldeston, Filmore,fosbaldeston1y@mayoclinic.com,180.81.33.158
72,Snyder, Mariellen,msnyder1z@godaddy.com,124.223.112.236
73,Baumber, Gil,gbaumber20@pbs.org,227.228.255.33
74,d'Escoffier, Viki,vdescoffier21@spiegel.de,250.36.3.224
75,Chuck, Hope,hchuck22@geocities.com,159.39.177.236
77,Kellick, Birgit,bkellick24@hexun.com,197.53.235.134
78,Oxburgh, Casie,coxburgh25@squidoo.com,26.57.26.175
79,Streeting, Loydie,lstreeting26@studiopress.com,21.38.135.229
80,Munson, Melitta,mmunson27@chicagotribune.com,7.141.38.213
81,Bengochea, Cammy,cbengochea28@google.co.jp,243.60.170.136
82,Deacock, Gerry,gdeacock29@webmd.com,84.149.185.236
83,Brockhouse, Abigale,abrockhouse2a@pen.io,68.248.156.11
84,Legrave, Mariejeanne,mlegrave2b@noaa.gov,193.187.2.140
85,Maccrea, Magnum,mmaccrea2c@miibeian.gov.cn,122.236.151.191
86,Kerner, Delores,dkerner2d@bbc.co.uk,107.121.222.228
87,Moorfield, Consuela,cmoorfield2e@oracle.com,160.226.244.56
89,Matterface, Emalee,ematterface2g@wunderground.com,124.1.109.250
91,Croall, Ginnifer,gcroall2i@163.com,231.132.130.181
92,Deuss, Ellsworth,edeuss2j@aboutads.info,190.48.142.154
93,Welberry, Antonia,awelberry2k@earthlink.net,40.160.57.102
95,Knight, Ronny,rknight2m@webnode.com,239.86.204.239
97,Halligan, Currie,challigan2o@storify.com,104.62.145.0
99,Deeves, Emmerich,edeeves2q@nbcnews.com,58.123.70.85
100,Gillcrist, Florette,fgillcrist2r@behance.net,167.105.212.140
