id,first_name,last_name,email,gender,ip_address
1,Nickolaus,Sirkett,nsirkett0@nba.com,Non-binary,224.99.14.20
2,Stanleigh,Arnoll,sarnoll1@unesco.org,Male,164.155.73.242
3,Farrah,Penning,fpenning2@princeton.edu,Female,100.158.195.226
4,Terri,Ockleshaw,tockleshaw3@cloudflare.com,Male,9.167.41.83
5,Lesya,Matteoni,lmatteoni4@bing.com,Female,175.220.31.54
6,Wyatan,Juggings,wjuggings5@posterous.com,Male,197.34.217.32
7,Star,Dadge,sdadge6@ameblo.jp,Female,107.59.168.202
8,Melisandra,Hakking,mhakking7@huffingtonpost.com,Female,155.125.112.172
9,Ware,Hove,whove8@statcounter.com,Male,106.87.54.105
10,Ninette,Slatten,nslatten9@netscape.com,Female,98.69.178.136
11,Farley,Ranyelld,franyellda@msu.edu,Male,226.244.111.213
12,Vanya,Starmore,vstarmoreb@nbcnews.com,Male,235.229.102.157
13,Linus,Vinall,lvinallc@smugmug.com,Genderqueer,31.176.252.25
14,Bee,Lever,bleverd@unesco.org,Female,175.190.128.160
15,Kip,Valentinuzzi,kvalentinuzzie@virginia.edu,Female,76.180.226.178
16,Stinky,Polle,spollef@blogger.com,Male,215.7.161.207
17,Annis,Cockitt,acockittg@merriam-webster.com,Bigender,253.35.4.254
18,Hewet,Andreoletti,handreolettih@eventbrite.com,Male,239.4.173.17
19,Adolphe,Tembridge,atembridgei@umich.edu,Male,198.110.47.214
20,Paulina,Guarnier,pguarnierj@amazon.de,Female,182.158.2.87
21,Aline,Fettiplace,afettiplacek@ycombinator.com,Genderfluid,61.41.236.182
22,Babs,Duchenne,bduchennel@newsvine.com,Female,244.165.195.45
23,Vincents,Rioch,vriochm@cpanel.net,Male,193.2.223.238
24,Sibelle,Germann,sgermannn@businesswire.com,Female,253.109.243.139
25,Isobel,Fraser,ifrasero@squidoo.com,Female,190.253.97.153
26,Doralynn,Allbon,dallbonp@unblog.fr,Female,243.87.110.184
27,Norton,Boutellier,nboutellierq@zimbio.com,Male,232.117.89.68
28,Corty,Jeanin,cjeaninr@soundcloud.com,Male,204.75.122.154
29,Bobbie,Dzeniskevich,bdzeniskevichs@diigo.com,Male,249.139.237.195
30,Meridel,Carberry,mcarberryt@digg.com,Female,183.114.178.214
31,Tine,Renshall,trenshallu@fda.gov,Female,57.203.138.65
32,Nollie,Jinkins,njinkinsv@deviantart.com,Female,206.190.76.199
33,Haywood,Troucher,htroucherw@ihg.com,Male,3.151.94.78
34,Aldwin,Faulconer,afaulconerx@eventbrite.com,Male,126.118.147.180
35,Harbert,Harse,hharsey@loc.gov,Male,96.75.7.123
36,Uriel,Umfrey,uumfreyz@mit.edu,Male,77.22.235.75
37,Gae,Palister,gpalister10@livejournal.com,Female,206.193.155.90
38,Diannne,Moye,dmoye11@goodreads.com,Female,32.32.140.161
39,Dud,Bolderoe,dbolderoe12@prnewswire.com,Non-binary,83.252.136.12
40,Halley,Stoaks,hstoaks13@imageshack.us,Female,31.242.151.130
41,Marilyn,Druhan,mdruhan14@flavors.me,Female,104.157.90.12
42,Atlante,Van de Castele,avandecastele15@mysql.com,Female,199.31.58.201
43,Elberta,Pumfrey,epumfrey16@phoca.cz,Female,99.114.85.103
44,Cam,Mates,cmates17@webnode.com,Male,228.133.179.99
45,Brianne,Youd,byoud18@alexa.com,Female,184.124.135.156
46,Tye,Driuzzi,tdriuzzi19@usatoday.com,Male,58.141.234.255
47,Hi,Deware,hdeware1a@miibeian.gov.cn,Male,224.234.17.113
48,Bobina,Mildner,bmildner1b@disqus.com,Female,191.210.159.166
49,Othilie,Aubry,oaubry1c@diigo.com,Female,84.170.153.25
50,Crosby,Balma,cbalma1d@uiuc.edu,Male,174.241.45.178
51,Frederico,Clubley,fclubley1e@yahoo.co.jp,Male,99.50.13.254
52,Xaviera,Godart,xgodart1f@reddit.com,Genderqueer,63.209.153.146
53,Magdaia,Brazener,mbrazener1g@japanpost.jp,Female,243.47.82.228
54,Cordy,McKinnell,cmckinnell1h@netscape.com,Agender,179.195.219.16
55,Addie,Rumin,arumin1i@exblog.jp,Female,207.22.156.13
56,Selestina,Janczyk,sjanczyk1j@hubpages.com,Female,132.96.141.123
57,Jsandye,Maffioletti,jmaffioletti1k@smh.com.au,Female,44.25.111.252
58,Traci,Realff,trealff1l@fda.gov,Female,83.13.26.242
59,Addie,Thunnercliff,athunnercliff1m@nature.com,Female,51.84.130.151
60,Teddie,Bewlay,tbewlay1n@slideshare.net,Female,119.5.124.207
61,Tabitha,Sherman,tsherman1o@cargocollective.com,Female,165.224.104.104
62,Patti,Ludgate,pludgate1p@myspace.com,Female,40.183.130.253
63,Lorraine,Pittel,lpittel1q@cyberchimps.com,Female,251.1.198.152
64,Delphine,Redrup,dredrup1r@webnode.com,Female,156.211.248.220
65,Jobina,Ponnsett,jponnsett1s@printfriendly.com,Bigender,48.79.213.167
66,Marlon,Conachie,mconachie1t@oracle.com,Male,151.126.97.237
67,Cedric,Bryer,cbryer1u@jugem.jp,Male,106.81.36.205
68,Aleksandr,Sander,asander1v@slideshare.net,Male,84.112.122.97
69,Tannie,Jakucewicz,tjakucewicz1w@g.co,Male,209.70.230.107
70,Darbie,Kopf,dkopf1x@blogspot.com,Female,116.152.112.254
71,Filmore,Osbaldeston,fosbaldeston1y@mayoclinic.com,Male,180.81.33.158
72,Mariellen,Snyder,msnyder1z@godaddy.com,Female,124.223.112.236
73,Gil,Baumber,gbaumber20@pbs.org,Male,227.228.255.33
74,Viki,d'Escoffier,vdescoffier21@spiegel.de,Female,250.36.3.224
75,Hope,Chuck,hchuck22@geocities.com,Female,159.39.177.236
76,Norbert,Frounks,nfrounks23@boston.com,Male,174.29.149.63
77,Birgit,Kellick,bkellick24@hexun.com,Female,197.53.235.134
78,Casie,Oxburgh,coxburgh25@squidoo.com,Female,26.57.26.175
79,Loydie,Streeting,lstreeting26@studiopress.com,Male,21.38.135.229
80,Melitta,Munson,mmunson27@chicagotribune.com,Female,7.141.38.213
81,Cammy,Bengochea,cbengochea28@google.co.jp,Male,243.60.170.136
82,Gerry,Deacock,gdeacock29@webmd.com,Female,84.149.185.236
83,Abigale,Brockhouse,abrockhouse2a@pen.io,Female,68.248.156.11
84,Mariejeanne,Legrave,mlegrave2b@noaa.gov,Female,193.187.2.140
85,Magnum,Maccrea,mmaccrea2c@miibeian.gov.cn,Male,122.236.151.191
86,Delores,Kerner,dkerner2d@bbc.co.uk,Female,107.121.222.228
87,Consuela,Moorfield,cmoorfield2e@oracle.com,Female,160.226.244.56
88,Izzy,Challoner,ichalloner2f@spiegel.de,Male,34.195.100.41
89,Emalee,Matterface,ematterface2g@wunderground.com,Female,124.1.109.250
90,Bary,Laffan,blaffan2h@jalbum.net,Male,246.195.199.107
91,Ginnifer,Croall,gcroall2i@163.com,Female,231.132.130.181
92,Ellsworth,Deuss,edeuss2j@aboutads.info,Non-binary,190.48.142.154
93,Antonia,Welberry,awelberry2k@earthlink.net,Female,40.160.57.102
94,Alon,Citrine,acitrine2l@salon.com,Male,102.14.92.105
95,Ronny,Knight,rknight2m@webnode.com,Male,239.86.204.239
96,Elia,Sherr,esherr2n@quantcast.com,Male,126.157.255.193
97,Currie,Halligan,challigan2o@storify.com,Male,104.62.145.0
98,Buck,Cato,bcato2p@mtv.com,Male,122.31.222.135
99,Emmerich,Deeves,edeeves2q@nbcnews.com,Bigender,58.123.70.85
100,Florette,Gillcrist,fgillcrist2r@behance.net,Female,167.105.212.140
