id,first_name,last_name,email,gender,ip_address
1101,Bird,Wycliffe,bwycliffe0@networksolutions.com,Female,172.119.186.74
1102,Xylia,Durdan,xdurdan1@i2i.jp,Female,196.166.169.115
1103,Rowney,Skerratt,rskerratt2@wp.com,Male,238.51.229.6
1104,Matt,Scothern,mscothern3@edublogs.org,Male,158.253.62.221
1105,Colline,Hannan,channan4@skype.com,Female,82.139.238.232
1106,Lanita,Streight,lstreight5@odnoklassniki.ru,Female,61.84.84.83
1107,Zebulon,Sanper,zsanper6@arizona.edu,Male,4.40.218.92
1108,Faydra,Marcos,fmarcos7@sina.com.cn,Female,148.26.218.57
1109,Titus,Yorke,tyorke8@latimes.com,Male,29.224.64.67
1110,Brandyn,Prichet,bprichet9@gizmodo.com,Male,6.111.185.40
1111,Zora,Waymont,zwaymonta@jiathis.com,Female,17.2.87.249
1112,Lexie,Mityushkin,lmityushkinb@amazon.de,Female,87.88.223.236
1113,Lorelei,Fozard,lfozardc@psu.edu,Female,95.138.60.72
1114,Kore,Lovstrom,klovstromd@cnbc.com,Female,87.208.17.228
1115,Bekki,McFarlane,bmcfarlanee@tinypic.com,Female,53.64.235.87
1116,Marlo,Cleef,mcleeff@mashable.com,Female,244.149.40.5
1117,Abbe,Waliszewski,awaliszewskig@cyberchimps.com,Female,174.42.243.23
1118,Shepperd,Hacksby,shacksbyh@webnode.com,Male,128.221.147.177
1119,Bevin,Bister,bbisteri@symantec.com,Male,152.151.187.151
1120,Boote,Fieldstone,bfieldstonej@census.gov,Male,190.192.59.84
1121,Tamarah,Goldie,tgoldiek@home.pl,Bigender,174.92.10.254
1122,Shelley,Bulward,sbulwardl@ask.com,Male,135.64.97.4
1123,Velma,Antrack,vantrackm@quantcast.com,Female,185.80.11.233
1124,Hakim,Sabate,hsabaten@blogspot.com,Male,219.109.213.181
1125,Felicle,MacDunlevy,fmacdunlevyo@i2i.jp,Female,182.61.153.233
1126,Becca,Wilshaw,bwilshawp@ezinearticles.com,Female,135.65.171.176
1127,Edouard,Jencken,ejenckenq@netscape.com,Male,172.246.160.135
1128,Camella,Huyche,chuycher@istockphoto.com,Female,46.153.118.144
1129,Hanny,Elland,hellands@discovery.com,Female,39.169.206.146
1130,Carrissa,Boutflour,cboutflourt@last.fm,Female,156.18.162.222
1131,Stanfield,Kahler,skahleru@ebay.com,Male,200.215.198.243
1132,Mercy,Cawthera,mcawtherav@360.cn,Female,207.169.72.111
1133,Sterling,Broome,sbroomew@diigo.com,Male,1.69.207.141
1134,Stanislaus,Haysey,shayseyx@nsw.gov.au,Male,220.1.240.35
1135,Ellissa,Bineham,ebinehamy@acquirethisname.com,Female,110.110.110.188
1136,Cory,Plows,cplowsz@telegraph.co.uk,Female,54.97.116.104
1137,Otha,Behnke,obehnke10@webmd.com,Female,148.65.239.242
1138,Mei,Bremeyer,mbremeyer11@cafepress.com,Female,224.223.63.217
1139,Nicolai,Ajam,najam12@qq.com,Male,221.53.91.243
1140,Debera,Feake,dfeake13@cam.ac.uk,Female,52.241.228.90
1141,Laural,Kinnerk,lkinnerk14@ow.ly,Female,142.202.226.94
1142,Kass,Korb,kkorb15@shop-pro.jp,Female,43.186.238.253
1143,Bradney,Marrington,bmarrington16@economist.com,Male,229.92.6.37
1144,Lavinia,Hurdiss,lhurdiss17@behance.net,Female,108.29.122.8
1145,Stefan,Carren,scarren18@usda.gov,Male,108.174.114.157
1146,Leela,Rigmand,lrigmand19@businessinsider.com,Female,153.153.238.136
1147,Faye,Gelland,fgelland1a@google.com.br,Female,95.97.75.251
1148,Devlin,Dict,ddict1b@opensource.org,Male,128.198.142.241
1149,Orv,Andraud,oandraud1c@addtoany.com,Bigender,255.244.19.121
1150,Ezra,Killwick,ekillwick1d@statcounter.com,Male,28.211.60.96
1151,Lynne,Wickett,lwickett1e@sakura.ne.jp,Female,131.90.83.114
1152,Gherardo,Kenwood,gkenwood1f@mysql.com,Polygender,166.73.248.16
1153,Demetris,Damerell,ddamerell1g@naver.com,Female,155.25.168.131
1154,Neale,Petrosian,npetrosian1h@t-online.de,Genderqueer,186.183.143.17
1155,Nicola,McGiffin,nmcgiffin1i@wix.com,Male,67.30.175.251
1156,Roy,Membry,rmembry1j@webmd.com,Male,209.153.128.239
1157,Hermon,Hardbattle,hhardbattle1k@reuters.com,Male,176.48.43.64
1158,Louise,Minker,lminker1l@si.edu,Female,182.229.234.118
1159,Emmalyn,McPhillips,emcphillips1m@ning.com,Genderqueer,187.29.168.236
1160,Juliette,Filippyev,jfilippyev1n@digg.com,Female,109.187.241.199
1161,Grissel,Snadden,gsnadden1o@nhs.uk,Female,79.96.227.148
1162,Floris,Haet,fhaet1p@europa.eu,Female,233.25.143.9
1163,Alvis,Pauer,apauer1q@nytimes.com,Male,9.183.94.144
1164,Pete,Gumme,pgumme1r@reverbnation.com,Polygender,32.36.48.159
1165,Hannie,Ubsdell,hubsdell1s@squidoo.com,Genderqueer,122.105.86.52
1166,Nita,Baud,nbaud1t@hc360.com,Female,70.73.101.227
1167,Rochester,Aust,raust1u@tamu.edu,Male,96.59.3.179
1168,Ivor,Fender,ifender1v@mozilla.org,Male,144.12.250.144
1169,Flemming,Claypole,fclaypole1w@comcast.net,Genderqueer,192.203.84.76
1170,Constantin,Cecchetelli,ccecchetelli1x@nsw.gov.au,Male,101.171.166.231
1171,Rad,Beyne,rbeyne1y@constantcontact.com,Agender,77.136.58.225
1172,Leticia,Chamberlin,lchamberlin1z@hc360.com,Female,129.25.96.87
1173,Corny,Skillings,cskillings20@ocn.ne.jp,Genderqueer,59.250.160.117
1174,Kary,Bullough,kbullough21@nps.gov,Female,55.92.221.171
1175,Carlie,Jurisic,cjurisic22@economist.com,Male,11.228.233.47
1176,Homere,Simonaitis,hsimonaitis23@ibm.com,Non-binary,81.181.102.232
1177,Adrianne,Parade,aparade24@cargocollective.com,Female,232.92.54.253
1178,Forrester,Housegoe,fhousegoe25@tuttocitta.it,Male,27.10.168.211
1179,Doreen,Minto,dminto26@joomla.org,Female,52.211.124.216
1180,Benedetto,Pennington,bpennington27@reuters.com,Male,172.69.79.86
1181,Alyss,Kiehl,akiehl28@infoseek.co.jp,Female,143.69.163.6
1182,Hal,Thalmann,hthalmann29@hatena.ne.jp,Male,147.102.191.50
1183,Mariette,Dilke,mdilke2a@quantcast.com,Female,123.29.201.28
1184,Tiffi,Keene,tkeene2b@reference.com,Female,241.140.217.134
1185,Brewer,Cronin,bcronin2c@goo.gl,Male,240.44.160.161
1186,Simon,Andrez,sandrez2d@cam.ac.uk,Male,179.18.180.255
1187,Lauralee,Keerl,lkeerl2e@goo.gl,Female,113.102.112.18
1188,Perkin,Matthieson,pmatthieson2f@shop-pro.jp,Male,27.61.77.186
1189,Reginauld,Ligertwood,rligertwood2g@techcrunch.com,Male,168.58.113.132
1190,Bourke,Topper,btopper2h@bloglines.com,Male,200.214.253.108
1191,Bing,Skule,bskule2i@time.com,Male,241.97.185.254
1192,Libby,De Vaux,ldevaux2j@unesco.org,Genderfluid,202.222.55.224
1193,Franzen,Demcik,fdemcik2k@answers.com,Male,225.119.129.252
1194,Lurette,Boatwright,lboatwright2l@ox.ac.uk,Female,236.173.169.136
1195,Morgen,Pashler,mpashler2m@php.net,Male,94.143.189.204
1196,Travers,Antrag,tantrag2n@google.com.hk,Male,113.35.153.79
1197,Fan,Mantz,fmantz2o@timesonline.co.uk,Female,202.19.96.67
1198,Keir,Chable,kchable2p@jugem.jp,Non-binary,226.23.32.222
1199,Antonin,Munt,amunt2q@google.de,Male,129.191.106.102
1200,Law,Maylour,lmaylour2r@unicef.org,Male,28.20.241.174
1201,Otis,Pietzner,opietzner2s@reverbnation.com,Male,194.66.124.233
1202,Melanie,Maddison,mmaddison2t@answers.com,Female,164.191.184.239
1203,Alvira,Challis,achallis2u@webeden.co.uk,Genderqueer,99.139.250.140
1204,Cassie,Millins,cmillins2v@virginia.edu,Male,125.180.27.81
1205,Christoffer,Haliburn,chaliburn2w@sphinn.com,Male,126.175.206.222
1206,Sharleen,Christmas,schristmas2x@uiuc.edu,Female,53.4.123.72
1207,Leonora,Greveson,lgreveson2y@gov.uk,Female,172.222.201.154
1208,Mag,Jakoviljevic,mjakoviljevic2z@time.com,Female,206.130.97.127
1209,Dael,Kingsly,dkingsly30@microsoft.com,Male,254.169.128.168
1210,Carri,Nimmo,cnimmo31@berkeley.edu,Female,28.100.93.212
1211,Corissa,Pringour,cpringour32@usgs.gov,Female,185.161.26.110
1212,Boycey,Hudspeth,bhudspeth33@xing.com,Male,176.110.52.249
1213,Carmina,Ingray,cingray34@ucla.edu,Female,107.216.184.238
1214,Cad,Barton,cbarton35@slashdot.org,Male,193.228.73.46
1215,Waldemar,Morrad,wmorrad36@booking.com,Male,126.100.239.178
1216,Adi,Yosselevitch,ayosselevitch37@yahoo.co.jp,Female,207.31.206.105
1217,Malory,Clows,mclows38@goo.ne.jp,Female,147.155.127.101
1218,Taylor,Mole,tmole39@miibeian.gov.cn,Male,187.255.231.9
1219,Danni,Steels,dsteels3a@usatoday.com,Female,129.70.220.237
1220,Jaymee,Horsefield,jhorsefield3b@google.pl,Female,222.210.169.182
1221,Yanaton,Bleakley,ybleakley3c@comsenz.com,Male,213.61.123.233
1222,Sheffield,Whal,swhal3d@ow.ly,Male,76.155.98.141
1223,Branden,Tullot,btullot3e@amazon.de,Male,78.26.104.177
1224,Claus,Hughf,chughf3f@flavors.me,Male,122.63.3.9
1225,Kirsteni,Wenden,kwenden3g@jugem.jp,Female,62.23.22.249
1226,Jeanelle,Mewes,jmewes3h@usatoday.com,Female,162.51.67.123
1227,Don,Lagne,dlagne3i@microsoft.com,Male,185.88.41.62
1228,Puff,Pyzer,ppyzer3j@symantec.com,Male,21.238.86.164
1229,Roldan,Petkovic,rpetkovic3k@elpais.com,Male,156.69.140.243
1230,Lothaire,Ambrogi,lambrogi3l@booking.com,Male,201.168.23.77
1231,Marje,Capitano,mcapitano3m@is.gd,Female,204.61.184.1
1232,Dorella,Bearne,dbearne3n@webs.com,Female,135.174.135.216
1233,Gustave,Easseby,geasseby3o@forbes.com,Male,133.44.32.240
1234,Elsbeth,Dewsnap,edewsnap3p@yelp.com,Female,111.31.124.154
1235,Natassia,Harrison,nharrison3q@people.com.cn,Female,244.106.71.248
1236,Todd,Clere,tclere3r@cyberchimps.com,Male,255.169.150.108
1237,Andrus,Verissimo,averissimo3s@wp.com,Genderqueer,203.26.116.251
1238,Regina,Caverhill,rcaverhill3t@ucoz.com,Female,73.105.0.143
1239,Lindi,Sinkins,lsinkins3u@wired.com,Female,191.216.175.121
1240,Chere,Trapp,ctrapp3v@nifty.com,Female,209.211.14.60
1241,Ricard,Blowfield,rblowfield3w@symantec.com,Male,61.202.87.144
1242,Maryellen,Sturm,msturm3x@weebly.com,Female,109.229.168.14
1243,Jandy,Rives,jrives3y@google.ca,Female,182.190.4.37
1244,Tedie,Faircliffe,tfaircliffe3z@printfriendly.com,Male,0.228.76.79
1245,Stephana,Oehm,soehm40@friendfeed.com,Female,54.181.90.94
1246,Verena,De Benedetti,vdebenedetti41@pbs.org,Female,57.81.131.138
1247,Townie,Le Galle,tlegalle42@t-online.de,Agender,189.243.20.172
1248,Sauveur,Tailby,stailby43@domainmarket.com,Male,18.171.83.4
1249,Abigale,Laudham,alaudham44@bravesites.com,Female,79.235.168.39
1250,Galvan,Sells,gsells45@csmonitor.com,Male,184.163.190.240
1251,Jillie,Featenby,jfeatenby46@google.ru,Female,5.44.36.166
1252,Nathalia,Soppeth,nsoppeth47@utexas.edu,Female,150.150.253.159
1253,Tabby,Haglinton,thaglinton48@wsj.com,Female,166.224.77.4
1254,Fianna,Lorincz,florincz49@state.gov,Female,136.51.188.53
1255,Jedidiah,Foulsham,jfoulsham4a@fastcompany.com,Male,233.102.237.78
1256,Blane,Triner,btriner4b@ning.com,Male,66.1.186.225
1257,Mirilla,Tuttle,mtuttle4c@networksolutions.com,Female,223.82.153.189
1258,Ashley,Moyers,amoyers4d@google.com.au,Male,169.246.26.88
1259,Dorise,Leeming,dleeming4e@xrea.com,Female,32.68.41.252
1260,Donelle,Dowden,ddowden4f@squidoo.com,Female,105.94.168.34
1261,Linnie,Emanuele,lemanuele4g@domainmarket.com,Female,2.34.118.161
1262,Janot,Rounds,jrounds4h@ow.ly,Female,186.106.144.96
1263,Filbert,McCaster,fmccaster4i@yellowbook.com,Male,179.130.215.27
1264,Maddalena,Kalvin,mkalvin4j@upenn.edu,Female,48.107.216.144
1265,Melodee,Graalman,mgraalman4k@amazon.co.uk,Female,230.236.158.194
1266,Barn,Broadhurst,bbroadhurst4l@posterous.com,Male,240.129.9.69
1267,Lilas,Goold,lgoold4m@state.gov,Female,28.178.171.10
1268,Niall,Alexsandrev,nalexsandrev4n@addthis.com,Male,240.78.214.71
1269,Vyky,Armell,varmell4o@360.cn,Agender,182.11.52.252
1270,Benjamen,Reinhart,breinhart4p@homestead.com,Male,142.55.227.49
1271,Bob,Dominighi,bdominighi4q@usatoday.com,Male,163.193.253.161
1272,Shell,Thomazet,sthomazet4r@parallels.com,Male,117.34.81.185
1273,Suellen,Keel,skeel4s@vk.com,Female,161.179.141.251
1274,Napoleon,Bestall,nbestall4t@theatlantic.com,Male,215.198.251.143
1275,Francoise,Broose,fbroose4u@bizjournals.com,Female,174.168.69.87
1276,Beth,Standley,bstandley4v@bbb.org,Female,55.18.88.38
1277,Gusti,McQuin,gmcquin4w@tuttocitta.it,Agender,79.243.124.147
1278,Lucy,Varsey,lvarsey4x@whitehouse.gov,Female,200.143.3.165
1279,Chrissy,Shelp,cshelp4y@marketwatch.com,Female,222.223.228.126
1280,Alexandrina,Cowcha,acowcha4z@aboutads.info,Female,76.104.214.3
1281,Kittie,Beesey,kbeesey50@stumbleupon.com,Female,161.200.123.36
1282,Leeann,Farrell,lfarrell51@xinhuanet.com,Female,68.201.20.147
1283,Haskell,Armstead,harmstead52@networksolutions.com,Male,246.57.226.197
1284,Faulkner,Scullin,fscullin53@geocities.jp,Male,182.44.70.118
1285,Gregorio,Gabbetis,ggabbetis54@gravatar.com,Male,11.61.124.3
1286,Marcile,MacCaughan,mmaccaughan55@nature.com,Female,147.185.9.205
1287,Cher,Medler,cmedler56@un.org,Female,128.11.7.78
1288,Ellen,Drewe,edrewe57@bluehost.com,Female,3.156.126.24
1289,Neel,Corneck,ncorneck58@nifty.com,Male,95.7.247.231
1290,Hazel,Garrould,hgarrould59@prnewswire.com,Female,42.150.94.237
1291,Nessie,Bartczak,nbartczak5a@purevolume.com,Female,43.186.71.206
1292,Dalt,Ingerson,dingerson5b@issuu.com,Male,221.87.37.235
1293,Kristopher,Puncher,kpuncher5c@microsoft.com,Non-binary,242.239.76.238
1294,Griffith,Shillito,gshillito5d@psu.edu,Male,66.118.31.102
1295,Vinny,Wimlett,vwimlett5e@hp.com,Female,130.108.179.89
1296,Demetra,Hardwin,dhardwin5f@amazon.co.uk,Female,79.190.158.219
1297,Claudina,Clashe,cclashe5g@istockphoto.com,Female,18.89.10.155
1298,Nicholas,Hardy-Piggin,nhardypiggin5h@loc.gov,Male,241.199.10.98
1299,Giffer,Points,gpoints5i@apache.org,Male,215.248.185.59
1300,Agatha,Mordanti,amordanti5j@trellian.com,Female,58.56.36.32
1301,Priscella,Killiam,pkilliam5k@instagram.com,Genderfluid,19.34.118.150
1302,Caldwell,Ayton,cayton5l@shareasale.com,Male,103.231.127.111
1303,Bartholomeo,Deighan,bdeighan5m@cbsnews.com,Male,53.30.52.69
1304,Rycca,Wilcot,rwilcot5n@salon.com,Female,5.207.139.76
1305,Ezmeralda,Slocumb,eslocumb5o@berkeley.edu,Female,141.217.179.139
1306,Lucy,Spratling,lspratling5p@51.la,Female,90.80.176.118
1307,Iago,Varley,ivarley5q@who.int,Male,77.125.148.249
1308,Rory,Mullord,rmullord5r@over-blog.com,Genderfluid,244.204.252.128
1309,Corenda,Longhirst,clonghirst5s@desdev.cn,Female,240.88.149.231
1310,Em,O'Loghlen,eologhlen5t@so-net.ne.jp,Agender,74.54.19.149
1311,Myca,Riguard,mriguard5u@quantcast.com,Male,197.157.85.45
1312,Leia,Weigh,lweigh5v@sfgate.com,Female,228.131.131.192
1313,Taryn,Brik,tbrik5w@chicagotribune.com,Female,125.247.125.151
1314,Beilul,d' Eye,bdeye5x@spiegel.de,Female,126.113.35.137
1315,Axel,Whife,awhife5y@eepurl.com,Male,206.76.180.92
1316,Lynelle,Cocklie,lcocklie5z@nytimes.com,Genderqueer,111.220.192.241
1317,Kenton,Angel,kangel60@geocities.jp,Male,45.92.17.147
1318,Gerhardt,O'Gormally,gogormally61@usnews.com,Male,29.56.35.236
1319,Moritz,Biaggioni,mbiaggioni62@hp.com,Male,141.52.62.235
1320,Herb,Spiring,hspiring63@opera.com,Male,221.9.168.157
1321,Ora,Markus,omarkus64@livejournal.com,Female,41.71.188.54
1322,Abba,Tulk,atulk65@salon.com,Male,121.201.150.175
1323,Kippie,Izakof,kizakof66@zimbio.com,Male,118.236.58.78
1324,Nyssa,Pirouet,npirouet67@dagondesign.com,Bigender,34.191.92.214
1325,Ardelis,Cessford,acessford68@flavors.me,Female,246.173.223.123
1326,Chadd,Kiln,ckiln69@yahoo.co.jp,Male,251.119.128.83
1327,Katherina,Purple,kpurple6a@cnbc.com,Female,255.159.141.111
1328,Crin,Pickerell,cpickerell6b@unicef.org,Female,2.154.11.68
1329,Marchelle,Huntress,mhuntress6c@cisco.com,Female,5.202.76.167
1330,Halsey,Dearle,hdearle6d@canalblog.com,Male,215.234.101.64
1331,Poul,Krause,pkrause6e@163.com,Male,114.149.186.33
1332,Skip,Connors,sconnors6f@webs.com,Male,13.248.247.95
1333,Gardie,Westmorland,gwestmorland6g@house.gov,Male,158.127.86.74
1334,Thorndike,Haste,thaste6h@miitbeian.gov.cn,Male,171.192.71.195
1335,Angil,Mawd,amawd6i@miitbeian.gov.cn,Female,91.232.243.13
1336,Umberto,Richardson,urichardson6j@ox.ac.uk,Male,175.45.63.115
1337,Kennie,Burkman,kburkman6k@umn.edu,Male,160.114.20.124
1338,Carter,McGovern,cmcgovern6l@wikia.com,Male,125.43.77.80
1339,Liane,Wallege,lwallege6m@rambler.ru,Female,47.107.123.1
1340,Tabby,Crellin,tcrellin6n@exblog.jp,Bigender,181.171.82.215
1341,Vallie,Leynham,vleynham6o@odnoklassniki.ru,Female,66.216.95.79
1342,Nevile,Niven,nniven6p@newsvine.com,Male,155.14.207.105
1343,Lynea,Ainscow,lainscow6q@google.fr,Female,157.9.217.224
1344,Jany,Godspeede,jgodspeede6r@uol.com.br,Female,202.223.139.1
1345,Annabal,Dawbery,adawbery6s@instagram.com,Female,186.1.236.135
1346,Modesta,Eudall,meudall6t@zdnet.com,Female,189.27.95.216
1347,Ealasaid,Richford,erichford6u@unicef.org,Genderfluid,6.196.235.168
1348,Roddy,Cockrell,rcockrell6v@harvard.edu,Male,231.103.171.62
1349,Haleigh,Worrall,hworrall6w@howstuffworks.com,Female,15.31.130.140
1350,Claire,Brigstock,cbrigstock6x@prweb.com,Male,52.150.170.14
1351,Nadean,Follet,nfollet6y@friendfeed.com,Female,168.151.120.87
1352,Dynah,Lettsom,dlettsom6z@ezinearticles.com,Female,2.170.181.28
1353,Nanon,Groven,ngroven70@dagondesign.com,Female,92.48.134.173
1354,Frederic,Babber,fbabber71@state.gov,Male,178.210.47.92
1355,Jeanine,Brydell,jbrydell72@utexas.edu,Female,243.14.187.198
1356,Linnell,Salman,lsalman73@boston.com,Female,73.85.86.85
1357,Helenka,Moorhouse,hmoorhouse74@wikipedia.org,Bigender,38.176.40.249
1358,Isabelle,Franken,ifranken75@globo.com,Female,209.107.233.16
1359,Jedediah,Sedgeworth,jsedgeworth76@edublogs.org,Male,84.107.156.74
1360,Lars,Okell,lokell77@usda.gov,Male,243.149.217.51
1361,Augustina,Hullins,ahullins78@deliciousdays.com,Female,236.151.156.73
1362,Stephan,Hanster,shanster79@omniture.com,Male,162.103.141.190
1363,Audi,Feilden,afeilden7a@twitter.com,Female,64.180.91.249
1364,Emelen,Byer,ebyer7b@businessweek.com,Male,185.178.171.186
1365,Kitti,Simioni,ksimioni7c@163.com,Female,3.73.180.12
1366,Raimundo,McElrea,rmcelrea7d@angelfire.com,Male,86.217.161.228
1367,Dominica,Penquet,dpenquet7e@wired.com,Female,225.56.17.91
1368,Bogart,Vanes,bvanes7f@who.int,Male,154.37.130.81
1369,Danica,Havill,dhavill7g@techcrunch.com,Female,22.201.140.14
1370,Si,Sallnow,ssallnow7h@webs.com,Male,30.20.222.99
1371,Hinda,McCay,hmccay7i@sphinn.com,Female,134.172.181.160
1372,Sibylla,Hadden,shadden7j@unc.edu,Female,97.127.125.253
1373,Vivienne,Audibert,vaudibert7k@com.com,Female,138.230.140.56
1374,Wernher,Brailsford,wbrailsford7l@virginia.edu,Male,141.37.231.90
1375,Jerrie,Bentote,jbentote7m@ox.ac.uk,Female,138.146.115.142
1376,Marcile,Serot,mserot7n@example.com,Female,152.252.24.51
1377,Bob,MacCarter,bmaccarter7o@sogou.com,Male,242.246.197.245
1378,Giff,Knivett,gknivett7p@purevolume.com,Male,211.253.73.38
1379,Andrus,Hastin,ahastin7q@illinois.edu,Male,135.197.46.176
1380,Marisa,Edkins,medkins7r@google.es,Female,74.137.184.146
1381,Nerissa,Raspison,nraspison7s@ameblo.jp,Female,180.109.236.252
1382,Mahala,Baddam,mbaddam7t@kickstarter.com,Female,191.65.191.51
1383,Kari,Measom,kmeasom7u@ted.com,Female,213.163.86.146
1384,Konstanze,Lurner,klurner7v@umich.edu,Female,109.212.94.245
1385,Talya,Potter,tpotter7w@ucoz.com,Female,91.67.176.129
1386,Cary,Mynott,cmynott7x@myspace.com,Female,50.97.154.34
1387,Rockie,Cowx,rcowx7y@feedburner.com,Male,178.216.48.233
1388,Adina,Cancellario,acancellario7z@a8.net,Female,203.239.117.84
1389,Brandon,Toller,btoller80@gravatar.com,Male,13.215.182.91
1390,Anderson,Rudeyeard,arudeyeard81@phpbb.com,Bigender,255.137.71.41
1391,Lucius,Overpool,loverpool82@amazon.co.uk,Male,114.146.55.218
1392,Kerry,Plaistowe,kplaistowe83@businessinsider.com,Female,25.12.209.139
1393,Isabeau,Simeon,isimeon84@cmu.edu,Female,148.11.13.254
1394,Lock,Morales,lmorales85@ox.ac.uk,Male,100.43.15.200
1395,Yorke,Cawtheray,ycawtheray86@amazon.co.uk,Male,36.223.108.223
1396,Phil,Hardware,phardware87@nature.com,Female,21.201.68.143
1397,Adelbert,Gascar,agascar88@unc.edu,Male,102.173.45.67
1398,Philippa,Rambaut,prambaut89@nyu.edu,Female,198.167.115.43
1399,Ashlie,Singh,asingh8a@marketwatch.com,Female,97.49.86.158
1400,Kesley,O'Ferris,koferris8b@4shared.com,Female,246.58.149.161
1401,Gilbertine,Caygill,gcaygill8c@jugem.jp,Female,68.189.69.162
1402,Dimitry,McKeown,dmckeown8d@google.de,Male,132.198.124.114
1403,Leonhard,Gregersen,lgregersen8e@dyndns.org,Male,143.139.192.181
1404,Shannan,Parffrey,sparffrey8f@house.gov,Male,88.170.44.246
1405,Giuseppe,Schuh,gschuh8g@flickr.com,Male,138.98.183.37
1406,Susanne,Sallnow,ssallnow8h@issuu.com,Female,104.225.161.217
1407,Poppy,McCuish,pmccuish8i@narod.ru,Female,122.16.71.25
1408,Merle,Garrioch,mgarrioch8j@bandcamp.com,Male,144.171.135.137
1409,Barri,Shelmerdine,bshelmerdine8k@eepurl.com,Male,170.100.200.247
1410,Julian,Siaskowski,jsiaskowski8l@businessweek.com,Male,132.43.103.152
1411,Consolata,Crottagh,ccrottagh8m@technorati.com,Female,44.21.169.5
1412,Genia,Starte,gstarte8n@nature.com,Female,231.230.214.38
1413,Ermengarde,Normanell,enormanell8o@biblegateway.com,Female,227.219.134.36
1414,Elianora,Shinton,eshinton8p@amazon.com,Female,101.76.239.70
1415,Christophorus,Devenny,cdevenny8q@berkeley.edu,Male,199.168.140.38
1416,Glyn,Arney,garney8r@zdnet.com,Male,57.24.252.187
1417,Bibi,Roskelly,broskelly8s@hp.com,Female,21.249.66.163
1418,Alidia,Mardling,amardling8t@shop-pro.jp,Female,150.197.148.230
1419,Maryanne,Trenfield,mtrenfield8u@behance.net,Female,255.237.120.146
1420,Jandy,Soda,jsoda8v@bravesites.com,Female,118.122.150.203
1421,Alfie,Vile,avile8w@ameblo.jp,Female,118.87.221.19
1422,Ximenez,Ternott,xternott8x@myspace.com,Genderqueer,168.37.216.95
1423,Cathi,Gentile,cgentile8y@reverbnation.com,Female,162.174.28.40
1424,Livia,Mieville,lmieville8z@newsvine.com,Female,109.26.10.50
1425,Aggy,Legge,alegge90@mail.ru,Female,252.131.247.125
1426,Blanca,Kennsley,bkennsley91@nytimes.com,Female,3.100.152.75
1427,David,Delafoy,ddelafoy92@accuweather.com,Male,75.228.116.173
1428,Hamnet,Dinnis,hdinnis93@mozilla.com,Male,247.202.204.89
1429,Sancho,Barnewell,sbarnewell94@google.co.jp,Male,12.81.50.146
1430,Fabe,Bouchard,fbouchard95@w3.org,Male,76.85.55.46
1431,Alika,Kopta,akopta96@sakura.ne.jp,Female,181.102.231.164
1432,Carlyn,Neads,cneads97@macromedia.com,Female,74.219.161.78
1433,Cullie,Griffe,cgriffe98@mlb.com,Male,59.195.87.250
1434,Raimund,Perring,rperring99@apple.com,Male,1.167.13.34
1435,Madelon,Vanyatin,mvanyatin9a@cafepress.com,Female,47.141.42.36
1436,Judon,Benge,jbenge9b@fc2.com,Male,190.110.238.185
1437,Yolanthe,Hogsden,yhogsden9c@skype.com,Agender,20.144.56.126
1438,Jay,Greatex,jgreatex9d@nationalgeographic.com,Male,243.81.90.80
1439,Giralda,Eltone,geltone9e@themeforest.net,Female,74.65.186.121
1440,Stephana,Bucham,sbucham9f@ehow.com,Female,231.249.192.91
1441,Ewell,Dillimore,edillimore9g@illinois.edu,Male,49.145.119.236
1442,Jo-ann,Khomishin,jkhomishin9h@about.me,Female,50.133.144.22
1443,Jenica,Shewan,jshewan9i@vimeo.com,Female,86.193.60.172
1444,Gena,Waszkiewicz,gwaszkiewicz9j@networksolutions.com,Female,38.66.26.137
1445,Lyn,Carletto,lcarletto9k@mapy.cz,Female,228.81.61.147
1446,Adrian,Koba,akoba9l@elpais.com,Male,67.65.66.226
1447,Leeland,Fissenden,lfissenden9m@icio.us,Male,3.225.94.80
1448,Jameson,McMearty,jmcmearty9n@slideshare.net,Male,221.169.37.212
1449,Stephannie,McKernan,smckernan9o@liveinternet.ru,Female,17.243.174.38
1450,Tish,Bedboro,tbedboro9p@illinois.edu,Female,122.173.51.206
1451,Leroy,Mayhead,lmayhead9q@chron.com,Male,88.33.191.69
1452,Regina,Dundredge,rdundredge9r@theglobeandmail.com,Female,183.204.155.191
1453,Zebadiah,Casebourne,zcasebourne9s@liveinternet.ru,Male,137.217.96.83
1454,Olin,Labarre,olabarre9t@timesonline.co.uk,Male,197.46.2.232
1455,Fax,Brozek,fbrozek9u@cnbc.com,Male,15.215.200.101
1456,Rosalinde,Corker,rcorker9v@sina.com.cn,Female,31.89.88.34
1457,Nissie,Berzon,nberzon9w@census.gov,Female,89.75.197.240
1458,Wanda,Michelmore,wmichelmore9x@pcworld.com,Female,150.149.148.59
1459,Conchita,Marchiso,cmarchiso9y@scribd.com,Female,188.167.103.120
1460,Paulie,Jamson,pjamson9z@geocities.com,Female,201.226.180.19
1461,Nadine,McCue,nmccuea0@simplemachines.org,Female,223.241.188.44
1462,Westleigh,McCartan,wmccartana1@tumblr.com,Male,112.187.154.174
1463,Gayler,Matuszynski,gmatuszynskia2@cloudflare.com,Male,118.114.185.141
1464,Lucias,Hambric,lhambrica3@dedecms.com,Male,182.161.105.225
1465,Artair,Rawle,arawlea4@census.gov,Male,14.102.62.208
1466,Marshal,China,mchinaa5@godaddy.com,Male,168.198.110.87
1467,Siegfried,Mallen,smallena6@godaddy.com,Non-binary,131.4.156.0
1468,Bartholomew,Shelsher,bshelshera7@feedburner.com,Male,202.37.147.26
1469,Wally,Breache,wbreachea8@ameblo.jp,Male,145.219.3.172
1470,Michelle,Teek,mteeka9@omniture.com,Female,75.0.119.162
1471,Estele,Allerton,eallertonaa@godaddy.com,Female,65.142.54.34
1472,Else,Caddy,ecaddyab@biglobe.ne.jp,Female,157.20.132.172
1473,Giacomo,Lillywhite,glillywhiteac@columbia.edu,Male,34.103.194.158
1474,Darcey,Dowyer,ddowyerad@vk.com,Female,156.159.246.162
1475,Hannah,Bastin,hbastinae@blogs.com,Female,92.5.50.131
1476,Sibylle,Dassindale,sdassindaleaf@constantcontact.com,Female,218.202.255.70
1477,Teressa,Itzhaiek,titzhaiekag@unesco.org,Female,242.179.7.56
1478,Alaric,Agglio,aagglioah@bloglines.com,Male,149.141.32.106
1479,Drud,Clewlow,dclewlowai@unesco.org,Male,36.181.22.181
1480,Northrup,Halbord,nhalbordaj@biglobe.ne.jp,Male,118.129.158.239
1481,Marris,Mawby,mmawbyak@canalblog.com,Female,93.20.63.60
1482,Nial,Lyptratt,nlyptrattal@guardian.co.uk,Male,248.109.163.163
1483,Ignazio,Aronow,iaronowam@marketwatch.com,Male,158.56.162.97
1484,Launce,Folbig,lfolbigan@admin.ch,Male,209.48.85.215
1485,Reyna,Dobey,rdobeyao@domainmarket.com,Female,187.196.157.170
1486,Benyamin,Caisley,bcaisleyap@webnode.com,Male,4.142.146.54
1487,Pearl,Ludovico,pludovicoaq@upenn.edu,Female,179.195.231.89
1488,Spike,Chatainier,schatainierar@yolasite.com,Male,235.175.241.92
1489,Alf,Hazelgreave,ahazelgreaveas@amazon.co.uk,Male,255.220.147.3
1490,Bevan,Mucci,bmucciat@msn.com,Male,132.106.217.47
1491,Wally,Peatman,wpeatmanau@google.ca,Male,145.117.17.95
1492,Joyce,Girke,jgirkeav@google.com.br,Female,199.24.53.203
1493,Isador,Bicknell,ibicknellaw@statcounter.com,Male,137.61.150.240
1494,Brok,Fabler,bfablerax@surveymonkey.com,Male,164.40.228.27
1495,Chas,Btham,cbthamay@fastcompany.com,Polygender,45.236.162.48
1496,Dame,Dolden,ddoldenaz@a8.net,Non-binary,71.202.38.136
1497,Hadley,Greeson,hgreesonb0@washington.edu,Bigender,242.61.232.30
1498,Andy,Leynagh,aleynaghb1@nymag.com,Male,126.122.171.19
1499,Candice,Armitage,carmitageb2@sciencedaily.com,Female,40.150.111.3
1500,Daile,Pierpoint,dpierpointb3@free.fr,Female,12.147.43.84
1501,Gustav,Becconsall,gbecconsallb4@princeton.edu,Male,61.172.103.71
1502,Ingra,Cobley,icobleyb5@imdb.com,Male,84.66.153.6
1503,Malissa,Mathen,mmathenb6@artisteer.com,Female,7.84.224.199
1504,Goldy,Sulman,gsulmanb7@ameblo.jp,Female,105.245.228.248
1505,Benjy,Bushell,bbushellb8@aol.com,Male,101.2.217.206
1506,Layney,Banaszewski,lbanaszewskib9@fc2.com,Female,32.216.162.227
1507,Odo,Pryce,opryceba@biglobe.ne.jp,Male,82.190.218.188
1508,Etty,Paslow,epaslowbb@desdev.cn,Agender,193.199.198.188
1509,Tucker,Sherwin,tsherwinbc@linkedin.com,Male,60.86.21.86
1510,Cornelle,Wyld,cwyldbd@rediff.com,Female,44.13.172.98
1511,Nels,Fredi,nfredibe@uol.com.br,Male,239.236.220.245
1512,Lory,Humm,lhummbf@xing.com,Female,213.61.159.221
1513,Catarina,Eynaud,ceynaudbg@admin.ch,Non-binary,204.112.112.98
1514,Victoria,Dannett,vdannettbh@friendfeed.com,Female,160.244.155.65
1515,Elfrieda,Turnock,eturnockbi@archive.org,Genderqueer,49.231.6.226
1516,Elberta,Rowlson,erowlsonbj@wikimedia.org,Female,180.228.246.0
1517,Maje,Hamm,mhammbk@buzzfeed.com,Male,41.251.5.52
1518,Birch,Pressey,bpresseybl@yellowpages.com,Male,237.211.191.87
1519,Sanderson,Bearcock,sbearcockbm@php.net,Male,248.17.140.225
1520,Orin,Toffolini,otoffolinibn@sciencedaily.com,Male,29.77.241.33
1521,Allyn,Parken,aparkenbo@bizjournals.com,Male,109.218.222.27
1522,Lorenzo,Danielczyk,ldanielczykbp@jimdo.com,Male,120.48.15.137
1523,Wilburt,Terzza,wterzzabq@bravesites.com,Male,234.255.16.131
1524,Ethelind,Landells,elandellsbr@aol.com,Female,172.199.83.178
1525,Kelvin,Acott,kacottbs@wix.com,Male,177.255.6.70
1526,Bibi,Weth,bwethbt@shutterfly.com,Female,57.51.169.52
1527,Glennie,Zupo,gzupobu@tripod.com,Female,198.217.150.202
1528,Giacopo,Chinnick,gchinnickbv@home.pl,Male,50.167.108.55
1529,Moshe,Newns,mnewnsbw@plala.or.jp,Male,41.143.199.218
1530,Georgeanne,Copeland,gcopelandbx@ted.com,Female,162.177.34.99
1531,Jolynn,Bagley,jbagleyby@army.mil,Female,109.194.150.210
1532,Concordia,Creaney,ccreaneybz@seesaa.net,Female,210.169.128.152
1533,Mariele,Philippault,mphilippaultc0@time.com,Genderqueer,15.211.204.226
1534,Janela,Thornton-Dewhirst,jthorntondewhirstc1@timesonline.co.uk,Female,100.86.31.31
1535,Lynnelle,Starsmeare,lstarsmearec2@scribd.com,Female,88.213.6.185
1536,Marcellus,Joss,mjossc3@tuttocitta.it,Male,46.200.117.222
1537,Jacques,Windibank,jwindibankc4@icq.com,Male,206.152.130.108
1538,Bronny,Larrett,blarrettc5@globo.com,Male,248.221.15.251
1539,Robby,Ridehalgh,rridehalghc6@unblog.fr,Male,253.42.85.68
1540,Slade,Fitchett,sfitchettc7@house.gov,Male,150.125.79.192
1541,Bartholomeo,Shellsheere,bshellsheerec8@jalbum.net,Male,133.71.1.22
1542,Courtenay,Ibbs,cibbsc9@hao123.com,Female,195.133.146.117
1543,Andee,Woffinden,awoffindenca@wordpress.org,Female,219.137.124.148
1544,Patten,Plante,pplantecb@omniture.com,Male,208.163.89.129
1545,Zorina,Ovendale,zovendalecc@google.de,Female,48.166.137.92
1546,Donavon,Bispham,dbisphamcd@csmonitor.com,Male,54.208.96.58
1547,Dom,Mundow,dmundowce@wufoo.com,Male,102.193.4.154
1548,Britta,Bernardez,bbernardezcf@studiopress.com,Female,76.122.155.4
1549,Krissy,Leward,klewardcg@baidu.com,Bigender,246.0.42.227
1550,Randi,Lathe,rlathech@hao123.com,Male,158.177.212.43
1551,Artur,Kaveney,akaveneyci@tmall.com,Male,198.104.85.19
1552,Vanessa,Deluca,vdelucacj@miitbeian.gov.cn,Female,123.236.91.208
1553,Francisco,Tolussi,ftolussick@huffingtonpost.com,Male,57.97.71.5
1554,Lindsay,Guyonnet,lguyonnetcl@yelp.com,Male,218.72.31.85
1555,Bradley,Halfpenny,bhalfpennycm@technorati.com,Male,104.212.118.25
1556,Elinore,Doggerell,edoggerellcn@delicious.com,Female,66.245.168.78
1557,Stefano,McKiddin,smckiddinco@360.cn,Male,186.11.52.98
1558,Sile,Squelch,ssquelchcp@prnewswire.com,Female,200.176.6.108
1559,Emili,Rickasse,erickassecq@dmoz.org,Female,47.166.47.201
1560,Tiler,McGaugey,tmcgaugeycr@icq.com,Bigender,34.210.175.119
1561,Alexio,Spellacey,aspellaceycs@gmpg.org,Male,0.18.74.203
1562,Isabeau,Puttrell,iputtrellct@miitbeian.gov.cn,Female,165.212.16.96
1563,Myles,Morgan,mmorgancu@hexun.com,Male,30.208.55.134
1564,Sheba,Mazillius,smazilliuscv@bandcamp.com,Agender,51.240.167.171
1565,Katee,Grundell,kgrundellcw@prnewswire.com,Female,122.215.24.154
1566,Donnamarie,Kilfedder,dkilfeddercx@nba.com,Female,122.195.204.236
1567,Daryn,Troker,dtrokercy@cbslocal.com,Female,12.119.28.172
1568,Victoria,Cundey,vcundeycz@scribd.com,Bigender,24.191.247.31
1569,Georgie,Switland,gswitlandd0@surveymonkey.com,Female,15.32.107.188
1570,Pris,Finnimore,pfinnimored1@lulu.com,Female,66.54.255.208
1571,Marketa,Torrie,mtorried2@amazon.de,Female,166.130.49.70
1572,Henka,Lippi,hlippid3@dailymail.co.uk,Non-binary,143.197.139.165
1573,Lisabeth,Jurick,ljurickd4@issuu.com,Female,123.91.18.79
1574,Ola,Ormston,oormstond5@booking.com,Female,82.111.157.180
1575,Taddeusz,Kirkam,tkirkamd6@parallels.com,Male,12.88.191.17
1576,Maryann,Anderton,mandertond7@webmd.com,Female,132.143.102.143
1577,Obadias,Slatcher,oslatcherd8@yellowpages.com,Male,4.137.3.37
1578,Jerry,Myrie,jmyried9@pen.io,Male,27.132.49.186
1579,Tam,Goncaves,tgoncavesda@reference.com,Male,207.212.3.28
1580,Ive,Raselles,irasellesdb@smugmug.com,Male,5.28.251.139
1581,Mei,Prout,mproutdc@cmu.edu,Female,34.168.166.97
1582,Gerti,Franz,gfranzdd@clickbank.net,Female,110.119.131.45
1583,Freddie,Szimoni,fszimonide@elegantthemes.com,Female,141.100.234.7
1584,Vanessa,Babinski,vbabinskidf@topsy.com,Agender,18.82.99.24
1585,Reilly,Crannell,rcrannelldg@hao123.com,Genderqueer,227.65.28.75
1586,Mala,Ream,mreamdh@google.co.jp,Female,158.193.84.63
1587,Hussein,Bratty,hbrattydi@biglobe.ne.jp,Male,161.116.175.243
1588,Aurel,Adami,aadamidj@pcworld.com,Female,121.152.194.73
1589,Pierson,Syratt,psyrattdk@istockphoto.com,Male,15.194.4.182
1590,Orelie,Scollard,oscollarddl@gov.uk,Female,215.244.73.29
1591,Normie,Gircke,ngirckedm@techcrunch.com,Non-binary,190.37.126.125
1592,Scarface,Pavel,spaveldn@smugmug.com,Male,135.116.4.141
1593,Ganny,Ganders,ggandersdo@nbcnews.com,Male,236.103.102.140
1594,Dinah,Schiesterl,dschiesterldp@gnu.org,Agender,26.220.184.8
1595,Mariejeanne,Kitlee,mkitleedq@woothemes.com,Female,15.206.199.1
1596,Rhodia,Ashment,rashmentdr@wix.com,Female,32.194.143.52
1597,Collete,Josefson,cjosefsonds@qq.com,Female,255.16.130.136
1598,Cassy,Paynton,cpayntondt@businessinsider.com,Female,232.151.246.111
1599,Toby,Tapin,ttapindu@google.ca,Female,152.10.230.55
1600,Magnum,Ragsdall,mragsdalldv@exblog.jp,Male,200.71.117.48
1601,Norris,Thomke,nthomkedw@goodreads.com,Male,9.220.246.21
1602,Burlie,Flitcroft,bflitcroftdx@bbb.org,Male,233.132.55.165
1603,Roley,Kitt,rkittdy@gizmodo.com,Male,91.203.30.217
1604,Albertine,Nugent,anugentdz@ning.com,Female,187.196.200.80
1605,Maxim,Kiehne,mkiehnee0@fc2.com,Male,243.129.18.122
1606,Franciskus,Hazley,fhazleye1@dagondesign.com,Male,155.132.192.211
1607,Craggy,Askey,caskeye2@vkontakte.ru,Male,189.131.177.205
1608,Nappy,Sulman,nsulmane3@usgs.gov,Polygender,218.182.254.155
1609,Felipa,Gibbie,fgibbiee4@shutterfly.com,Female,89.131.137.252
1610,Suellen,Vouls,svoulse5@ted.com,Female,78.38.206.127
1611,Hartwell,Toulamain,htoulamaine6@discuz.net,Male,38.130.157.132
1612,Raymond,Kissick,rkissicke7@upenn.edu,Male,78.195.102.109
1613,Britt,Zorzin,bzorzine8@netlog.com,Female,29.133.14.252
1614,Kurt,Dimock,kdimocke9@shinystat.com,Male,34.197.228.15
1615,Karl,Tomsu,ktomsuea@dmoz.org,Male,107.231.83.183
1616,Haily,Gimenez,hgimenezeb@mysql.com,Male,142.249.218.191
1617,Jarred,Strike,jstrikeec@timesonline.co.uk,Male,212.168.209.195
1618,Adelind,Dabbs,adabbsed@bbb.org,Female,229.219.188.118
1619,Allsun,Pountain,apountainee@github.com,Female,130.66.233.5
1620,Lea,Becaris,lbecarisef@guardian.co.uk,Female,8.171.225.129
1621,Oliver,Sibbs,osibbseg@wikipedia.org,Male,22.127.250.189
1622,Farris,Sings,fsingseh@berkeley.edu,Male,13.56.171.64
1623,Nels,Guerola,nguerolaei@comcast.net,Male,93.156.184.236
1624,Binny,Kenrat,bkenratej@webeden.co.uk,Female,51.170.45.19
1625,Lezley,Crotch,lcrotchek@tmall.com,Bigender,199.38.157.136
1626,Alicea,Jasik,ajasikel@gravatar.com,Female,63.162.42.231
1627,Bunnie,Mathon,bmathonem@shutterfly.com,Female,20.220.153.98
1628,Devonne,Blaisdale,dblaisdaleen@slate.com,Female,134.90.91.191
1629,Kenton,Leeds,kleedseo@china.com.cn,Male,251.230.122.196
1630,Warde,Jauncey,wjaunceyep@deviantart.com,Male,38.154.209.108
1631,Jerome,Akerman,jakermaneq@trellian.com,Male,176.57.91.220
1632,Enrika,Fetter,efetterer@aol.com,Female,134.208.29.18
1633,Mathe,Roderick,mroderickes@ftc.gov,Male,171.47.79.182
1634,Rudolph,Mardy,rmardyet@posterous.com,Male,217.5.218.206
1635,Silvie,Strewther,sstrewthereu@twitter.com,Female,153.87.10.13
1636,Kirby,Darcy,kdarcyev@sun.com,Male,227.170.201.51
1637,Duffy,Bernaert,dbernaertew@who.int,Male,234.128.31.76
1638,Dimitri,Beckham,dbeckhamex@cdc.gov,Bigender,251.35.125.46
1639,Bobby,Atty,battyey@toplist.cz,Female,105.3.117.156
1640,Davin,Barbour,dbarbourez@sciencedirect.com,Male,244.15.126.139
1641,Hamnet,Baron,hbaronf0@slashdot.org,Male,109.237.80.171
1642,Ilene,Dobrowlski,idobrowlskif1@ft.com,Female,138.227.188.106
1643,Mortimer,Downer,mdownerf2@cloudflare.com,Male,122.92.130.189
1644,Tanny,L'Episcopi,tlepiscopif3@friendfeed.com,Male,25.64.93.155
1645,Jewel,Freathy,jfreathyf4@furl.net,Female,159.36.67.145
1646,Avram,Crinkley,acrinkleyf5@cmu.edu,Male,110.41.186.166
1647,Alick,Regorz,aregorzf6@ftc.gov,Polygender,20.140.29.189
1648,Ilsa,Calderonello,icalderonellof7@census.gov,Female,20.180.177.106
1649,Caldwell,Reucastle,creucastlef8@amazon.de,Male,60.40.196.238
1650,Arvie,Spratt,asprattf9@senate.gov,Male,67.198.32.243
1651,Bette,Mandrake,bmandrakefa@wikispaces.com,Female,133.184.123.2
1652,Hyman,McAughtrie,hmcaughtriefb@phpbb.com,Male,35.95.75.73
1653,Ranna,Skirlin,rskirlinfc@amazon.de,Female,2.74.114.12
1654,Vito,Manwaring,vmanwaringfd@meetup.com,Male,78.16.40.38
1655,Debora,Dabel,ddabelfe@pen.io,Female,206.183.95.202
1656,Shell,Lardez,slardezff@redcross.org,Male,73.91.213.119
1657,Murry,Benbrick,mbenbrickfg@economist.com,Male,198.55.114.160
1658,Loralee,Sperring,lsperringfh@sohu.com,Female,30.75.136.96
1659,Belia,Roffe,broffefi@dailymotion.com,Female,43.32.101.92
1660,Bethena,Hamner,bhamnerfj@odnoklassniki.ru,Female,57.40.172.81
1661,Ingar,Runnicles,irunniclesfk@webs.com,Male,240.117.34.59
1662,Rene,Spiller,rspillerfl@microsoft.com,Male,30.64.18.216
1663,Osgood,Pettisall,opettisallfm@china.com.cn,Male,255.175.208.247
1664,Tammie,Jeffcoate,tjeffcoatefn@theglobeandmail.com,Female,151.105.235.231
1665,Tucky,McGaugey,tmcgaugeyfo@xinhuanet.com,Male,201.251.183.48
1666,Bengt,Ewdale,bewdalefp@narod.ru,Male,137.132.100.142
1667,Gardner,Kemme,gkemmefq@cbsnews.com,Male,26.111.162.48
1668,Vance,Krzysztofiak,vkrzysztofiakfr@europa.eu,Male,25.56.5.154
1669,Daria,Eleshenar,deleshenarfs@tripod.com,Female,174.90.52.8
1670,Hakeem,Wellington,hwellingtonft@google.co.jp,Male,155.145.162.230
1671,Ekaterina,Whitelaw,ewhitelawfu@addthis.com,Female,125.115.176.4
1672,Ralph,Ashbey,rashbeyfv@artisteer.com,Male,28.196.16.165
1673,Hakeem,Thumnel,hthumnelfw@dailymotion.com,Male,249.221.212.34
1674,Nathalie,Scandred,nscandredfx@canalblog.com,Female,208.234.60.228
1675,Haywood,Greensides,hgreensidesfy@meetup.com,Male,119.64.237.32
1676,Stefan,Le Prevost,sleprevostfz@dot.gov,Male,163.16.202.103
1677,Sunny,Jurczyk,sjurczykg0@chronoengine.com,Female,250.22.58.105
1678,Monique,Levick,mlevickg1@yandex.ru,Female,29.183.109.102
1679,Margret,Hazeldene,mhazeldeneg2@nydailynews.com,Female,79.182.93.229
1680,Otto,Bumfrey,obumfreyg3@vimeo.com,Male,254.187.65.144
1681,Tadio,Turbat,tturbatg4@addthis.com,Male,205.115.32.65
1682,Averyl,Meeron,ameerong5@reddit.com,Female,173.62.158.133
1683,Tulley,O'Quin,toquing6@is.gd,Male,64.43.96.13
1684,Adriano,Wheelan,awheelang7@ebay.com,Male,143.11.110.35
1685,Udall,O' Dornan,uodornang8@reddit.com,Male,118.122.100.73
1686,Kendra,Synnott,ksynnottg9@nifty.com,Female,102.77.201.69
1687,Babbie,Izakov,bizakovga@jalbum.net,Female,179.121.221.254
1688,Ethyl,Pottinger,epottingergb@macromedia.com,Female,164.185.62.28
1689,Cyb,Grocott,cgrocottgc@g.co,Female,220.192.16.116
1690,Amalle,Neillans,aneillansgd@japanpost.jp,Female,169.3.116.35
1691,Charlton,Benediktsson,cbenediktssonge@issuu.com,Male,124.230.16.137
1692,Antonio,Chasson,achassongf@shareasale.com,Male,26.129.207.246
1693,Phylis,Backs,pbacksgg@aol.com,Female,71.131.111.88
1694,Lisa,Nolda,lnoldagh@ocn.ne.jp,Female,55.160.208.102
1695,Odetta,Nulty,onultygi@quantcast.com,Agender,39.92.98.23
1696,Bendick,Cluet,bcluetgj@bbc.co.uk,Male,11.216.117.37
1697,Kerstin,Sawer,ksawergk@cdbaby.com,Female,38.211.255.104
1698,Lammond,Hastings,lhastingsgl@etsy.com,Male,51.222.110.99
1699,Collete,Vernazza,cvernazzagm@altervista.org,Female,36.83.148.191
1700,Sydelle,Roper,sropergn@ibm.com,Female,156.204.135.38
1701,Myriam,Murrill,mmurrillgo@flavors.me,Bigender,164.91.65.218
1702,Elvira,Nottle,enottlegp@plala.or.jp,Female,187.155.165.93
1703,Irma,Downs,idownsgq@scribd.com,Female,225.38.204.252
1704,Rosemonde,Loveard,rloveardgr@google.com.au,Female,253.136.190.20
1705,Barron,Pickthall,bpickthallgs@privacy.gov.au,Male,253.223.141.251
1706,Emili,Witherop,ewitheropgt@mapquest.com,Bigender,194.148.233.143
1707,Teodor,Lochhead,tlochheadgu@parallels.com,Male,155.102.178.142
1708,Dulciana,Babington,dbabingtongv@wikimedia.org,Female,65.143.136.63
1709,Mallory,Angus,mangusgw@over-blog.com,Male,254.234.156.105
1710,Katha,Jeffree,kjeffreegx@biblegateway.com,Female,80.68.196.5
1711,Darlene,Martignon,dmartignongy@istockphoto.com,Non-binary,54.19.249.17
1712,Waly,Halworth,whalworthgz@elegantthemes.com,Female,41.183.145.182
1713,Garth,Schurcke,gschurckeh0@tinyurl.com,Non-binary,124.87.129.87
1714,Adriaens,Gehringer,agehringerh1@nba.com,Female,114.14.127.101
1715,Brand,Jonin,bjoninh2@ucoz.com,Bigender,2.253.77.115
1716,Thorin,Follacaro,tfollacaroh3@sina.com.cn,Male,254.103.43.95
1717,Mirella,Cowpland,mcowplandh4@mtv.com,Female,117.235.127.204
1718,Alfonso,Woodings,awoodingsh5@ted.com,Male,247.27.177.164
1719,Cass,Adriano,cadrianoh6@typepad.com,Male,254.201.239.235
1720,Tracy,Robshaw,trobshawh7@fastcompany.com,Male,134.209.19.234
1721,Gaston,Matsell,gmatsellh8@yellowbook.com,Male,118.185.10.29
1722,Wilma,Eate,weateh9@stanford.edu,Female,75.219.113.95
1723,Roberto,Prenty,rprentyha@google.pl,Genderqueer,125.61.216.167
1724,Pren,Handscomb,phandscombhb@opera.com,Male,250.112.203.92
1725,Kandace,Boyan,kboyanhc@virginia.edu,Female,33.34.252.50
1726,Teirtza,Dagless,tdaglesshd@nih.gov,Female,81.132.67.103
1727,Ronni,Chittenden,rchittendenhe@squarespace.com,Female,237.123.78.76
1728,Boy,Lamcken,blamckenhf@usgs.gov,Male,59.195.233.149
1729,Rozina,Hansie,rhansiehg@about.me,Polygender,2.131.84.35
1730,Brade,McCurdy,bmccurdyhh@bluehost.com,Polygender,67.87.92.139
1731,Thedrick,Sheddan,tsheddanhi@is.gd,Male,140.20.97.217
1732,Cordell,Lantoph,clantophhj@webeden.co.uk,Male,18.103.206.155
1733,Chance,Seagrove,cseagrovehk@geocities.jp,Male,87.169.145.153
1734,Lefty,Surgenor,lsurgenorhl@archive.org,Male,61.92.241.89
1735,Tabbie,Dickons,tdickonshm@psu.edu,Female,206.207.120.116
1736,Marsh,Mapowder,mmapowderhn@buzzfeed.com,Male,165.50.118.236
1737,Locke,Schimonek,lschimonekho@marriott.com,Male,141.199.112.78
1738,Giles,Manwaring,gmanwaringhp@google.com.au,Male,65.62.155.35
1739,Glenden,Simonassi,gsimonassihq@guardian.co.uk,Male,31.22.155.243
1740,Claudine,Kelston,ckelstonhr@microsoft.com,Female,161.204.43.246
1741,Batholomew,Coveny,bcovenyhs@w3.org,Male,124.127.251.175
1742,Sapphire,Freddi,sfreddiht@wikipedia.org,Female,135.111.150.47
1743,Willow,Herety,wheretyhu@netvibes.com,Female,213.80.237.144
1744,Rhett,McGeever,rmcgeeverhv@dedecms.com,Male,254.82.53.90
1745,Jarrid,Birchall,jbirchallhw@friendfeed.com,Male,16.177.1.248
1746,Ezekiel,Meyrick,emeyrickhx@google.ru,Polygender,112.56.83.108
1747,Elena,Menlove,emenlovehy@unc.edu,Female,180.95.46.42
1748,Jorrie,Pumfrey,jpumfreyhz@amazonaws.com,Female,83.88.93.180
1749,Malissa,Totterdell,mtotterdelli0@alibaba.com,Female,170.96.65.190
1750,Clevey,Yerrell,cyerrelli1@unesco.org,Male,118.250.205.117
1751,Gerianne,Balme,gbalmei2@themeforest.net,Female,124.198.219.137
1752,Demetra,Illwell,dillwelli3@clickbank.net,Female,250.30.121.44
1753,Erny,Reeders,ereedersi4@wordpress.com,Male,45.66.207.197
1754,Madonna,Iacomi,miacomii5@pcworld.com,Female,225.167.90.214
1755,Conan,Abramowsky,cabramowskyi6@mozilla.com,Male,24.114.85.212
1756,Delano,Raffels,draffelsi7@youtube.com,Male,226.141.26.228
1757,Helyn,Tofts,htoftsi8@exblog.jp,Female,38.230.179.210
1758,Saloma,Sedgmond,ssedgmondi9@comsenz.com,Female,223.64.199.210
1759,Alva,Marjanovic,amarjanovicia@yandex.ru,Male,149.239.59.6
1760,Kris,Glyssanne,kglyssanneib@squarespace.com,Male,211.42.75.151
1761,Codee,Bavidge,cbavidgeic@sitemeter.com,Female,189.242.140.1
1762,Peyton,Hanlin,phanlinid@trellian.com,Male,67.126.235.149
1763,Clement,Points,cpointsie@flavors.me,Male,234.26.208.188
1764,Maible,Alvis,malvisif@youtu.be,Female,99.124.77.148
1765,Haskell,Monelle,hmonelleig@ucoz.com,Male,144.203.125.141
1766,Tami,Jacquemet,tjacquemetih@zdnet.com,Female,141.57.59.3
1767,Glen,Haw,ghawii@weebly.com,Female,6.82.178.48
1768,Keane,Pettifer,kpettiferij@harvard.edu,Male,78.22.226.6
1769,Anestassia,Landre,alandreik@tumblr.com,Female,183.65.51.205
1770,Agace,Leport,aleportil@sitemeter.com,Genderqueer,127.220.156.119
1771,Thaddus,Burge,tburgeim@upenn.edu,Male,213.183.27.207
1772,Berti,Hache,bhachein@dyndns.org,Male,88.252.232.6
1773,Michell,Vasler,mvaslerio@nifty.com,Female,192.66.237.56
1774,Casper,Osinin,cosininip@t.co,Male,138.228.248.156
1775,Farra,Bartkiewicz,fbartkiewicziq@free.fr,Female,120.40.84.155
1776,Alejandro,Plimmer,aplimmerir@blog.com,Male,54.51.5.158
1777,Nananne,Pobjay,npobjayis@vinaora.com,Female,128.86.150.111
1778,Philippe,Heard,pheardit@oakley.com,Female,59.217.17.142
1779,Alexandros,Samsin,asamsiniu@forbes.com,Male,247.218.87.146
1780,Obediah,Gittins,ogittinsiv@discuz.net,Bigender,101.113.243.74
1781,Dene,Pidler,dpidleriw@jalbum.net,Male,174.134.20.73
1782,Whit,Canty,wcantyix@nymag.com,Male,136.202.33.128
1783,Linus,Paull,lpaulliy@ucoz.ru,Male,212.238.7.117
1784,Vinnie,Nobbs,vnobbsiz@chron.com,Female,244.50.192.17
1785,Alysia,Winterton,awintertonj0@php.net,Non-binary,185.126.22.190
1786,Hallie,Spradbrow,hspradbrowj1@opera.com,Female,174.171.48.12
1787,Jillana,McIlwraith,jmcilwraithj2@ft.com,Female,224.34.214.185
1788,Myer,Radbond,mradbondj3@google.co.jp,Male,224.171.142.55
1789,Mischa,Koomar,mkoomarj4@businesswire.com,Male,18.171.64.135
1790,Morgana,Broxup,mbroxupj5@psu.edu,Bigender,8.205.45.42
1791,Alaine,Slogrove,aslogrovej6@unc.edu,Female,27.217.88.151
1792,Reinaldo,Womack,rwomackj7@google.cn,Male,32.209.20.105
1793,Cordie,Mattinson,cmattinsonj8@yellowbook.com,Male,179.6.201.186
1794,Tamqrah,Pau,tpauj9@acquirethisname.com,Female,47.162.186.232
1795,Wald,Lumsdale,wlumsdaleja@jugem.jp,Male,255.155.73.182
1796,Elnar,Shirtliff,eshirtliffjb@vimeo.com,Male,76.150.42.55
1797,Zebadiah,Purslow,zpurslowjc@ft.com,Genderfluid,18.135.130.148
1798,Aksel,Hyams,ahyamsjd@sina.com.cn,Male,120.45.152.115
1799,Clim,Tweddell,ctweddellje@nba.com,Male,8.158.165.230
1800,Johann,Hawford,jhawfordjf@sciencedirect.com,Male,117.62.8.37
1801,Ema,Beldom,ebeldomjg@nsw.gov.au,Female,237.120.243.79
1802,Ulrich,Oldrey,uoldreyjh@fotki.com,Male,212.185.4.15
1803,Benton,Pesik,bpesikji@digg.com,Male,206.157.88.182
1804,Felecia,Gouinlock,fgouinlockjj@answers.com,Female,101.132.142.116
1805,Marcellina,McClifferty,mmccliffertyjk@weebly.com,Female,110.57.206.234
1806,Banky,Utley,butleyjl@ovh.net,Male,33.62.126.169
1807,Kalie,Mollison,kmollisonjm@ask.com,Female,119.100.141.115
1808,Sammy,MacDirmid,smacdirmidjn@123-reg.co.uk,Male,210.227.73.245
1809,Chrisy,Haskayne,chaskaynejo@altervista.org,Male,151.225.113.230
1810,Caterina,Mathey,cmatheyjp@gnu.org,Female,89.200.60.117
1811,Shurlocke,Fasey,sfaseyjq@i2i.jp,Male,28.175.215.149
1812,Saw,Billing,sbillingjr@w3.org,Male,174.79.212.91
1813,Kevin,Rushby,krushbyjs@delicious.com,Male,30.245.157.26
1814,Onida,Slemmonds,oslemmondsjt@sfgate.com,Female,153.151.22.124
1815,Kalindi,Authers,kauthersju@nhs.uk,Female,121.237.90.156
1816,Weidar,Thomasset,wthomassetjv@gizmodo.com,Male,120.245.33.121
1817,Xenos,Winkell,xwinkelljw@uiuc.edu,Male,94.7.167.32
1818,Marybeth,Pledger,mpledgerjx@mtv.com,Female,174.2.168.117
1819,Harwilll,Philipson,hphilipsonjy@bloglovin.com,Male,105.153.165.152
1820,Whittaker,MacFayden,wmacfaydenjz@fotki.com,Male,193.49.250.188
1821,Garey,Wilman,gwilmank0@umich.edu,Genderqueer,146.197.221.159
1822,Phyllis,Batthew,pbatthewk1@themeforest.net,Female,68.239.154.166
1823,Ody,Ashurst,oashurstk2@oracle.com,Male,117.59.87.109
1824,Jolyn,Lott,jlottk3@unblog.fr,Female,33.157.21.243
1825,Merla,O'Donohue,modonohuek4@tuttocitta.it,Agender,120.196.83.145
1826,Hildagard,Desporte,hdesportek5@dion.ne.jp,Female,113.2.52.190
1827,Leontine,Tunaclift,ltunacliftk6@google.ru,Female,189.103.228.212
1828,Rozelle,Velte,rveltek7@cyberchimps.com,Female,20.44.79.76
1829,Odo,Barenskie,obarenskiek8@chronoengine.com,Male,68.152.251.70
1830,Annmarie,Levington,alevingtonk9@exblog.jp,Female,42.118.33.232
1831,Mandel,Worsfold,mworsfoldka@opera.com,Male,124.146.53.42
1832,Callean,Beeston,cbeestonkb@youku.com,Male,204.90.133.220
1833,Aloysius,Emnoney,aemnoneykc@yelp.com,Male,97.77.84.211
1834,Lazare,Godthaab,lgodthaabkd@vk.com,Male,184.252.224.231
1835,Clemente,Cicchelli,ccicchellike@freewebs.com,Male,252.156.130.207
1836,Ferrell,Fochs,ffochskf@webeden.co.uk,Male,96.83.255.41
1837,Omar,Ilieve,oilievekg@google.es,Agender,206.78.20.14
1838,Kary,Boich,kboichkh@arizona.edu,Female,135.211.227.46
1839,Elvyn,Kubanek,ekubanekki@ask.com,Male,192.183.64.67
1840,Teddy,Greiswood,tgreiswoodkj@mit.edu,Female,34.18.218.241
1841,Raeann,Guirau,rguiraukk@thetimes.co.uk,Female,66.194.193.122
1842,Fergus,Causnett,fcausnettkl@opera.com,Male,103.220.34.178
1843,Heinrik,Renihan,hrenihankm@amazon.co.jp,Male,215.248.17.41
1844,Tore,Grigorini,tgrigorinikn@independent.co.uk,Male,109.136.165.195
1845,Shawn,Skipp,sskippko@nature.com,Female,204.104.33.131
1846,Nichols,Cunliffe,ncunliffekp@bloomberg.com,Male,77.80.210.74
1847,Nollie,Pulhoster,npulhosterkq@livejournal.com,Female,149.23.126.136
1848,Babette,Legging,bleggingkr@hostgator.com,Female,179.176.146.224
1849,Modesty,Wignall,mwignallks@ask.com,Female,210.191.70.161
1850,Benji,Downe,bdownekt@addthis.com,Male,81.145.54.163
1851,Oates,Rickell,orickellku@webeden.co.uk,Male,248.33.241.174
1852,Melania,MacMaster,mmacmasterkv@163.com,Female,182.25.73.152
1853,Jemimah,Mulloch,jmullochkw@wp.com,Female,124.46.1.235
1854,Venus,Gimlet,vgimletkx@examiner.com,Genderfluid,130.190.210.130
1855,Xavier,Reignould,xreignouldky@cnet.com,Male,178.251.195.95
1856,Rebecca,Plett,rplettkz@bbb.org,Female,56.129.236.69
1857,Dottie,Gingold,dgingoldl0@unc.edu,Female,11.25.153.80
1858,Sholom,Holtom,sholtoml1@shinystat.com,Polygender,8.8.96.158
1859,Scotti,Tollett,stollettl2@home.pl,Male,216.131.255.65
1860,Jori,Fox,jfoxl3@yellowpages.com,Female,54.3.0.139
1861,Ree,Vasyunichev,rvasyunichevl4@foxnews.com,Female,210.77.146.229
1862,Olag,Jeffery,ojefferyl5@accuweather.com,Male,155.155.11.191
1863,Allina,De Rye Barrett,aderyebarrettl6@wisc.edu,Female,2.15.107.180
1864,Hestia,Menpes,hmenpesl7@cbslocal.com,Female,135.195.136.252
1865,Ky,Pimlett,kpimlettl8@clickbank.net,Male,254.92.65.238
1866,Allin,Knobell,aknobelll9@pinterest.com,Male,219.176.246.127
1867,Elle,Sarjeant,esarjeantla@psu.edu,Female,225.240.215.212
1868,Palmer,Follin,pfollinlb@ifeng.com,Male,44.223.65.243
1869,Dukey,Asif,dasiflc@pcworld.com,Male,221.15.0.92
1870,Kirbie,Von Brook,kvonbrookld@mayoclinic.com,Bigender,185.12.242.107
1871,Rodney,Pycock,rpycockle@va.gov,Male,198.114.186.179
1872,Julita,Hallahan,jhallahanlf@pagesperso-orange.fr,Female,215.237.70.143
1873,Hort,Rishbrook,hrishbrooklg@bbb.org,Male,179.58.13.152
1874,Sybila,Eliet,selietlh@cnn.com,Female,228.196.172.37
1875,Maible,Soutter,msoutterli@godaddy.com,Female,161.35.58.159
1876,Ragnar,Brewse,rbrewselj@illinois.edu,Agender,191.177.55.200
1877,Heida,Braben,hbrabenlk@hugedomains.com,Female,119.76.253.76
1878,Scot,Shilliday,sshillidayll@exblog.jp,Male,207.102.216.78
1879,Bianca,Oaten,boatenlm@telegraph.co.uk,Female,180.233.15.5
1880,Arron,O'Loghlen,aologhlenln@shareasale.com,Male,207.59.102.69
1881,Adiana,Cherrett,acherrettlo@dot.gov,Female,138.8.111.77
1882,Hi,Caroli,hcarolilp@unicef.org,Male,70.152.49.29
1883,Amery,Smith,asmithlq@tripadvisor.com,Male,228.138.129.29
1884,Freddy,Pieper,fpieperlr@scribd.com,Female,201.30.36.95
1885,Jaquenette,Hook,jhookls@msu.edu,Genderqueer,223.111.72.22
1886,Luce,Jameson,ljamesonlt@aboutads.info,Female,105.143.221.87
1887,Iona,Domelow,idomelowlu@guardian.co.uk,Female,125.24.71.23
1888,Curran,Cushelly,ccushellylv@infoseek.co.jp,Male,231.91.162.82
1889,Mellisent,Knowlton,mknowltonlw@intel.com,Female,203.136.56.34
1890,Aldo,Howley,ahowleylx@seattletimes.com,Male,131.18.104.248
1891,Lilian,Accomb,laccombly@macromedia.com,Female,155.182.109.141
1892,Bruno,Ingraham,bingrahamlz@dmoz.org,Male,18.80.50.55
1893,Ellette,Thorington,ethoringtonm0@amazon.co.jp,Agender,29.100.51.13
1894,Brietta,Manske,bmanskem1@prnewswire.com,Female,224.127.248.73
1895,Alyssa,Wormleighton,awormleightonm2@ed.gov,Female,247.43.19.76
1896,Olivie,Krol,okrolm3@hatena.ne.jp,Non-binary,14.46.245.184
1897,Lou,Morriss,lmorrissm4@archive.org,Female,154.170.224.71
1898,Derwin,Willshee,dwillsheem5@is.gd,Male,191.138.43.200
1899,Alidia,Trodden,atroddenm6@chron.com,Female,50.83.60.241
1900,Dylan,Everton,devertonm7@merriam-webster.com,Male,84.87.108.250
1901,Gregoor,Deware,gdewarem8@elegantthemes.com,Male,92.28.231.234
1902,Kaylil,Cottrell,kcottrellm9@yahoo.com,Female,97.176.31.128
1903,Lemmie,Kiledal,lkiledalma@google.cn,Male,101.37.95.129
1904,Kimmy,Pittham,kpitthammb@yellowbook.com,Female,27.209.131.86
1905,Aron,Missen,amissenmc@rambler.ru,Male,108.131.75.23
1906,Kristen,Wherry,kwherrymd@si.edu,Female,30.182.142.159
1907,Neal,Quartly,nquartlyme@ifeng.com,Male,64.171.190.92
1908,Dix,Rennix,drennixmf@hexun.com,Female,76.24.62.200
1909,Tammie,Pitkaithly,tpitkaithlymg@amazon.co.uk,Male,87.78.129.33
1910,Ephraim,Figure,efiguremh@baidu.com,Male,168.81.129.36
1911,Janeva,Yellep,jyellepmi@mozilla.org,Female,13.212.153.166
1912,Anne-marie,Elintune,aelintunemj@epa.gov,Female,54.232.169.147
1913,Webster,Casolla,wcasollamk@bandcamp.com,Male,35.213.96.238
1914,Roldan,Minci,rminciml@uiuc.edu,Male,117.157.246.236
1915,Flemming,Peevor,fpeevormm@posterous.com,Male,64.46.245.5
1916,Rosalie,MacGiffin,rmacgiffinmn@boston.com,Female,160.201.175.133
1917,Alis,Paal,apaalmo@nps.gov,Female,181.180.158.44
1918,Darlene,Lembrick,dlembrickmp@fastcompany.com,Agender,58.239.15.73
1919,Cullin,Crolly,ccrollymq@sciencedaily.com,Non-binary,174.19.138.14
1920,Ellynn,Lillie,elilliemr@cnet.com,Genderfluid,104.224.0.126
1921,Dev,Snoddin,dsnoddinms@godaddy.com,Male,40.223.72.176
1922,Trixie,Howle,thowlemt@indiatimes.com,Female,95.118.211.18
1923,Kermit,McGookin,kmcgookinmu@gov.uk,Male,143.78.234.83
1924,Christine,Sabatier,csabatiermv@fc2.com,Female,127.148.45.203
1925,Gennifer,Younie,gyouniemw@slideshare.net,Female,240.183.236.134
1926,Fowler,Camilleri,fcamillerimx@opensource.org,Non-binary,223.113.243.230
1927,Noby,Zannutti,nzannuttimy@paypal.com,Male,32.235.208.54
1928,Maxine,Keilloh,mkeillohmz@themeforest.net,Female,10.150.20.205
1929,Marilee,Farahar,mfaraharn0@comsenz.com,Female,173.99.143.151
1930,Beth,Woolhouse,bwoolhousen1@imageshack.us,Female,126.140.179.95
1931,Harmon,Gallgher,hgallghern2@dyndns.org,Male,91.155.82.146
1932,Garrard,Shortland,gshortlandn3@imgur.com,Male,188.212.15.179
1933,Teena,Dudderidge,tdudderidgen4@mtv.com,Female,51.142.221.150
1934,Max,Reuss,mreussn5@histats.com,Female,105.18.62.92
1935,Vince,Hammelberg,vhammelbergn6@nsw.gov.au,Male,69.17.72.130
1936,Bealle,Verlander,bverlandern7@gravatar.com,Male,110.131.144.2
1937,Burnaby,Bartak,bbartakn8@sun.com,Male,95.240.55.217
1938,Jorie,Benzi,jbenzin9@npr.org,Female,133.21.252.177
1939,Melania,Barthod,mbarthodna@skype.com,Female,170.166.246.64
1940,Brandon,Conrad,bconradnb@reuters.com,Genderqueer,32.238.22.93
1941,Hirsch,Shackelton,hshackeltonnc@ezinearticles.com,Male,136.68.104.136
1942,Rene,Ollier,rolliernd@theglobeandmail.com,Male,159.129.52.206
1943,Anestassia,Clougher,aclougherne@slate.com,Female,96.163.73.237
1944,Merrill,Ruddy,mruddynf@goo.gl,Female,229.36.85.80
1945,Delora,Kynder,dkynderng@epa.gov,Female,4.229.216.252
1946,Rania,Fragino,rfraginonh@live.com,Female,29.121.72.20
1947,Susette,Tuny,stunyni@youtube.com,Non-binary,46.237.239.162
1948,Evyn,Kattenhorn,ekattenhornnj@w3.org,Male,15.161.200.19
1949,Maxy,Theriot,mtheriotnk@shutterfly.com,Male,11.147.110.225
1950,Charmion,Cratchley,ccratchleynl@whitehouse.gov,Agender,223.182.82.29
1951,Warner,Yoslowitz,wyoslowitznm@weather.com,Male,64.232.85.11
1952,Abigael,Simper,asimpernn@mediafire.com,Female,182.253.38.157
1953,Timothee,Tombling,ttomblingno@vkontakte.ru,Male,52.248.232.100
1954,Luca,Tiery,ltierynp@oakley.com,Male,96.183.229.193
1955,Gifford,Abramski,gabramskinq@desdev.cn,Male,129.152.131.149
1956,Carlie,Bolles,cbollesnr@ameblo.jp,Female,144.54.86.46
1957,Rafaello,Phinnessy,rphinnessyns@sitemeter.com,Male,197.69.92.239
1958,Hendrick,Jackalin,hjackalinnt@zimbio.com,Male,243.98.251.98
1959,Tully,Poxton,tpoxtonnu@craigslist.org,Male,223.150.186.34
1960,Jenn,Beddoes,jbeddoesnv@bloglines.com,Female,46.26.238.24
1961,Lisette,Liddiard,lliddiardnw@goo.gl,Female,83.220.82.168
1962,Elisabet,Stealey,estealeynx@lycos.com,Female,91.2.186.70
1963,Fanni,Butterfill,fbutterfillny@sun.com,Non-binary,212.248.214.206
1964,Ive,Farn,ifarnnz@salon.com,Male,9.145.52.135
1965,Kimbell,Breawood,kbreawoodo0@unesco.org,Male,24.219.32.142
1966,Inessa,Cussen,icusseno1@rediff.com,Female,11.26.129.252
1967,Gilbertina,Plumbley,gplumbleyo2@google.com.hk,Female,136.248.229.72
1968,Reidar,Twiname,rtwinameo3@apple.com,Non-binary,49.60.149.31
1969,Norry,Germon,ngermono4@moonfruit.com,Female,160.72.18.246
1970,Zena,Spacey,zspaceyo5@newyorker.com,Genderqueer,98.99.133.227
1971,Emmit,Rubenov,erubenovo6@google.co.jp,Male,154.73.118.196
1972,Dunstan,Rozea,drozeao7@bbb.org,Male,244.177.234.59
1973,Julissa,Beton,jbetono8@apple.com,Female,57.69.132.195
1974,Tobiah,Capps,tcappso9@gov.uk,Male,85.75.47.244
1975,Marco,McClay,mmcclayoa@scribd.com,Male,75.96.184.58
1976,Hugues,Fergie,hfergieob@google.cn,Male,13.128.142.8
1977,Mel,Dawidowicz,mdawidowiczoc@umich.edu,Male,198.249.157.224
1978,Addy,Hans,ahansod@nydailynews.com,Female,16.111.156.65
1979,Avram,Huck,ahuckoe@wikipedia.org,Male,19.167.212.176
1980,Enrika,Tenny,etennyof@dailymail.co.uk,Female,131.2.189.198
1981,Moshe,Piecha,mpiechaog@google.com.br,Male,182.117.46.68
1982,Ado,Latimer,alatimeroh@taobao.com,Male,228.19.107.39
1983,Leroi,Hawtrey,lhawtreyoi@webnode.com,Male,10.15.93.130
1984,Oswald,Fourmy,ofourmyoj@prweb.com,Male,190.60.146.183
1985,Kristina,Filippazzo,kfilippazzook@godaddy.com,Female,152.231.162.85
1986,Abbie,Rosborough,arosboroughol@domainmarket.com,Male,7.20.25.83
1987,Mikkel,Bawles,mbawlesom@about.me,Male,197.189.212.177
1988,Bobette,Szymanski,bszymanskion@cargocollective.com,Agender,158.229.7.82
1989,David,Menco,dmencooo@dmoz.org,Male,161.161.26.94
1990,Ernestine,Bogies,ebogiesop@mac.com,Female,8.122.210.102
1991,Halsy,Housbey,hhousbeyoq@meetup.com,Male,130.179.178.153
1992,Ernesto,Medendorp,emedendorpor@ucsd.edu,Male,12.111.242.129
1993,Arlene,Duncanson,aduncansonos@myspace.com,Female,234.160.101.112
1994,Odelinda,Beaument,obeaumentot@com.com,Female,186.1.101.43
1995,Leonid,Lent,llentou@elpais.com,Male,98.165.157.64
1996,Cyndi,Traite,ctraiteov@dell.com,Female,85.84.28.147
1997,Nikolai,Jeal,njealow@etsy.com,Male,94.36.9.190
1998,Chad,Trenholm,ctrenholmox@cdc.gov,Male,99.23.181.224
1999,Cirillo,McKelvey,cmckelveyoy@nytimes.com,Male,8.66.181.253
2000,Boigie,Burnsides,bburnsidesoz@newyorker.com,Male,158.12.200.27
2001,Ruprecht,Michiel,rmichielp0@nature.com,Bigender,188.114.183.219
2002,Marjory,Stainbridge,mstainbridgep1@oaic.gov.au,Female,195.188.228.48
2003,Rickie,Reeson,rreesonp2@digg.com,Male,209.178.154.139
2004,Mariana,Purser,mpurserp3@google.com.hk,Female,235.38.173.136
2005,Diahann,De Giorgio,ddegiorgiop4@ameblo.jp,Female,106.106.12.72
2006,Cross,Baudesson,cbaudessonp5@slashdot.org,Male,191.163.190.222
2007,Meade,Fulkes,mfulkesp6@upenn.edu,Female,160.69.56.193
2008,Malanie,Bavridge,mbavridgep7@theglobeandmail.com,Genderqueer,77.86.7.210
2009,Elston,Beckinsale,ebeckinsalep8@t-online.de,Male,175.139.111.244
2010,Bryn,Blanket,bblanketp9@stumbleupon.com,Agender,11.188.14.91
2011,Francklin,Weadick,fweadickpa@hexun.com,Male,70.150.17.21
2012,Judi,Dunsmore,jdunsmorepb@phpbb.com,Female,213.255.23.35
2013,Silvan,Kalinke,skalinkepc@nsw.gov.au,Male,204.124.19.44
2014,Ives,Bachmann,ibachmannpd@cam.ac.uk,Male,101.167.250.46
2015,Ofelia,Coverlyn,ocoverlynpe@auda.org.au,Non-binary,49.151.197.19
2016,Jolie,Bodleigh,jbodleighpf@java.com,Female,206.190.243.233
2017,Gustavus,Allanby,gallanbypg@microsoft.com,Genderqueer,54.144.133.18
2018,Millard,Kirman,mkirmanph@oaic.gov.au,Male,145.140.141.181
2019,Bette-ann,Vittery,bvitterypi@over-blog.com,Female,197.108.162.86
2020,Shauna,Cowe,scowepj@google.cn,Female,87.80.172.234
2021,Fair,Lightwood,flightwoodpk@uiuc.edu,Male,186.101.191.6
2022,Zebadiah,Serfati,zserfatipl@1688.com,Male,105.213.154.224
2023,Kerk,Phillcock,kphillcockpm@wsj.com,Male,213.230.133.217
2024,Gonzalo,Dugall,gdugallpn@omniture.com,Male,236.23.100.35
2025,Ingemar,Leivesley,ileivesleypo@paypal.com,Male,90.172.143.100
2026,Farrell,Raffeorty,fraffeortypp@shop-pro.jp,Male,48.189.81.55
2027,Myrtle,Popham,mpophampq@furl.net,Female,166.166.19.106
2028,Frederick,Spillman,fspillmanpr@yahoo.com,Male,177.248.180.119
2029,Vincenz,Meininking,vmeininkingps@un.org,Male,34.26.10.247
2030,Melisande,Hanley,mhanleypt@go.com,Bigender,221.54.45.205
2031,Antin,Jaouen,ajaouenpu@squarespace.com,Male,86.144.213.154
2032,Ulrica,Yanuk,uyanukpv@abc.net.au,Female,241.88.225.164
2033,Cordy,Gooday,cgoodaypw@wordpress.com,Male,156.97.96.190
2034,Micky,Feild,mfeildpx@bloglovin.com,Female,7.188.8.143
2035,Kendrick,Lanchbury,klanchburypy@jigsy.com,Male,26.130.139.195
2036,Thorin,Goodred,tgoodredpz@prnewswire.com,Male,106.4.207.119
2037,Evangelina,Gotfrey,egotfreyq0@acquirethisname.com,Female,49.109.73.102
2038,Clim,Tooze,ctoozeq1@wordpress.org,Male,181.89.223.194
2039,Garvy,Aery,gaeryq2@hugedomains.com,Male,77.94.231.5
2040,Blayne,Faas,bfaasq3@craigslist.org,Male,210.54.88.225
2041,Lesya,Buckles,lbucklesq4@bing.com,Female,66.220.144.147
2042,Naoma,Dwelley,ndwelleyq5@blogtalkradio.com,Female,124.157.255.169
2043,Aretha,Geistbeck,ageistbeckq6@paginegialle.it,Polygender,127.79.233.144
2044,Elsey,Zuan,ezuanq7@narod.ru,Genderqueer,150.56.173.232
2045,Antoinette,Danilovitch,adanilovitchq8@constantcontact.com,Female,186.172.235.253
2046,Harwell,Pain,hpainq9@arstechnica.com,Male,1.95.100.216
2047,Xever,Gridley,xgridleyqa@si.edu,Male,164.167.192.250
2048,Ashley,Butterfill,abutterfillqb@exblog.jp,Male,17.218.212.4
2049,Ludovika,Pettiford,lpettifordqc@salon.com,Female,206.150.156.44
2050,Thedric,Pecey,tpeceyqd@indiegogo.com,Male,62.198.93.51
2051,Arel,Clifforth,aclifforthqe@51.la,Polygender,103.37.89.232
2052,Hendrika,Dregan,hdreganqf@hibu.com,Female,225.98.90.31
2053,Eal,Domokos,edomokosqg@mozilla.com,Male,191.235.106.91
2054,Kari,Dochon,kdochonqh@unc.edu,Female,5.71.102.130
2055,Matthus,McKiernan,mmckiernanqi@whitehouse.gov,Male,180.215.91.213
2056,Ricard,Snaddin,rsnaddinqj@about.me,Male,51.252.38.174
2057,Raimund,Dameisele,rdameiseleqk@yolasite.com,Male,149.58.175.81
2058,Fielding,Mylan,fmylanql@cdc.gov,Male,173.66.246.243
2059,Peyter,Lambot,plambotqm@hatena.ne.jp,Male,197.7.229.46
2060,Prent,Ayers,payersqn@taobao.com,Male,113.68.54.170
2061,Mendie,Membry,mmembryqo@japanpost.jp,Male,136.21.209.108
2062,Wilhelm,Iley,wileyqp@mashable.com,Male,44.44.114.142
2063,Rochella,Joskowitz,rjoskowitzqq@slate.com,Female,176.105.123.104
2064,Evelyn,Thomel,ethomelqr@fastcompany.com,Male,114.11.127.16
2065,Troy,Goolden,tgooldenqs@omniture.com,Male,21.251.42.218
2066,Artus,Stansby,astansbyqt@xing.com,Male,201.252.225.83
2067,Gaby,Gilburt,ggilburtqu@skyrock.com,Female,145.12.234.2
2068,Stacie,Dietsche,sdietscheqv@zdnet.com,Female,182.142.174.247
2069,Cob,Vials,cvialsqw@indiegogo.com,Male,152.200.130.230
2070,Jena,Breheny,jbrehenyqx@fastcompany.com,Female,218.153.144.79
2071,Heindrick,Di Giacomettino,hdigiacomettinoqy@istockphoto.com,Male,253.6.184.179
2072,Cathlene,Staddon,cstaddonqz@gizmodo.com,Female,164.164.209.6
2073,Guenna,Shilling,gshillingr0@accuweather.com,Female,102.39.183.47
2074,Willey,Brownbill,wbrownbillr1@seesaa.net,Male,7.192.206.34
2075,Ramon,Grioli,rgriolir2@cmu.edu,Male,4.210.73.169
2076,Aloysius,Tregidgo,atregidgor3@behance.net,Male,61.16.117.31
2077,Nicholas,Draper,ndraperr4@moonfruit.com,Male,194.187.111.62
2078,Samara,Gidney,sgidneyr5@imageshack.us,Female,223.208.55.181
2079,Alvina,Camois,acamoisr6@seesaa.net,Female,120.85.25.99
2080,Fin,Sabbin,fsabbinr7@google.com.br,Male,142.113.48.142
2081,Antoinette,Geertje,ageertjer8@nyu.edu,Genderfluid,168.124.216.250
2082,Karmen,Tidbold,ktidboldr9@who.int,Female,241.57.117.96
2083,Chelsea,Oliveto,colivetora@bloglovin.com,Female,102.119.93.165
2084,Robin,Dimitriou,rdimitriourb@admin.ch,Female,227.215.60.229
2085,Ivar,de Keyser,idekeyserrc@miitbeian.gov.cn,Male,54.78.217.127
2086,Lorelei,Featonby,lfeatonbyrd@webmd.com,Female,34.136.233.182
2087,Koenraad,Haddick,khaddickre@ucoz.ru,Male,170.64.230.38
2088,Carrie,Bernardeau,cbernardeaurf@seattletimes.com,Female,235.94.233.121
2089,Jeffy,Gruszka,jgruszkarg@ow.ly,Male,44.24.80.34
2090,Andie,Schule,aschulerh@fc2.com,Female,236.63.11.136
2091,Nicoline,Whall,nwhallri@ycombinator.com,Female,94.53.134.237
2092,Sidonnie,Boyack,sboyackrj@tinyurl.com,Female,75.27.206.73
2093,Dietrich,Giamuzzo,dgiamuzzork@tuttocitta.it,Male,92.34.51.124
2094,Etan,O' Hogan,eohoganrl@netscape.com,Male,234.234.173.27
2095,Matthias,Gepson,mgepsonrm@apache.org,Male,87.26.142.151
2096,Tammie,Maggs,tmaggsrn@amazonaws.com,Non-binary,229.64.128.69
2097,Conchita,Prinne,cprinnero@taobao.com,Female,192.69.95.48
2098,Thorpe,Bayley,tbayleyrp@etsy.com,Male,156.139.107.218
2099,Caye,Seven,csevenrq@purevolume.com,Female,82.246.46.191
2100,Arnaldo,Quelch,aquelchrr@wordpress.com,Male,77.194.100.96
