id,first_name,last_name,email,gender,ip_address
101,Emiline,Hritzko,ehritzko0@state.gov,Female,5.211.192.190
102,Cassie,Keilloh,ckeilloh1@liveinternet.ru,Polygender,162.6.112.149
103,Reginald,Stannah,rstannah2@ifeng.com,Male,27.32.222.123
104,Jo ann,Longworthy,jlongworthy3@google.fr,Female,222.31.120.159
105,Brendan,Machen,bmachen4@tamu.edu,Male,10.241.74.146
106,Violetta,Van Ross,vvanross5@pagesperso-orange.fr,Female,101.19.62.207
107,Brody,Satford,bsatford6@tripod.com,Male,251.77.101.142
108,Wilhelmine,Gouth,wgouth7@is.gd,Non-binary,193.194.147.210
109,Palm,Piser,ppiser8@pen.io,Male,157.172.223.31
110,Nevin,Midgely,nmidgely9@economist.com,Male,7.128.43.235
111,Angie,McCorkindale,amccorkindalea@yelp.com,Female,53.196.106.57
112,Ignacius,Cana,icanab@typepad.com,Male,51.254.157.68
113,Hilton,Postians,hpostiansc@storify.com,Male,96.20.133.114
114,Yale,Silley,ysilleyd@army.mil,Male,150.65.137.206
115,Granville,Calvard,gcalvarde@nps.gov,Polygender,35.87.150.86
116,Dominga,Melloi,dmelloif@cocolog-nifty.com,Female,144.23.75.117
117,Art,Pastor,apastorg@indiegogo.com,Male,149.12.182.136
118,Gilligan,Coolahan,gcoolahanh@illinois.edu,Female,96.221.120.97
119,Erhart,Hallen,ehalleni@sfgate.com,Genderfluid,255.185.118.83
120,Nels,Pendock,npendockj@yelp.com,Male,91.195.181.131
121,Branden,Thrush,bthrushk@icq.com,Male,138.31.221.199
122,Prissie,Birts,pbirtsl@squidoo.com,Female,56.184.105.85
123,Goober,Cloney,gcloneym@wikia.com,Male,60.83.35.96
124,Tracey,Antoney,tantoneyn@globo.com,Female,131.82.183.97
125,Jard,Bretland,jbretlando@blogspot.com,Male,6.172.76.60
126,Delmore,Guntrip,dguntripp@cloudflare.com,Male,215.245.93.40
127,Gunner,Hemerijk,ghemerijkq@reddit.com,Male,125.132.73.143
128,Clare,Yeandel,cyeandelr@tinypic.com,Female,196.116.88.14
129,Cosmo,Propper,cproppers@mysql.com,Male,179.229.167.73
130,Giraud,Cripps,gcrippst@discovery.com,Male,156.208.55.23
131,Austin,Caudelier,acaudelieru@themeforest.net,Female,81.24.30.64
132,Roger,Glennon,rglennonv@wikipedia.org,Male,242.154.54.224
133,Ilse,Emblen,iemblenw@canalblog.com,Female,178.223.182.179
134,Miles,Adamo,madamox@goo.ne.jp,Male,208.210.85.182
135,Ines,Lorey,iloreyy@studiopress.com,Female,185.32.193.162
136,Faustina,Corrington,fcorringtonz@virginia.edu,Genderqueer,186.135.113.210
137,Deane,Pettett,dpettett10@hatena.ne.jp,Male,219.66.18.122
138,Caprice,Youens,cyouens11@soup.io,Female,9.54.50.130
139,Roslyn,Sawnwy,rsawnwy12@go.com,Female,94.64.253.160
140,Janie,Belsey,jbelsey13@mysql.com,Female,169.40.138.244
141,Adolphe,Esbrook,aesbrook14@1und1.de,Agender,176.236.195.115
142,Brooke,Blaase,bblaase15@nbcnews.com,Female,147.213.154.11
143,Leonelle,Pennycuick,lpennycuick16@mac.com,Female,163.253.218.222
144,Alfred,Lerner,alerner17@icq.com,Male,20.212.245.229
145,Ulysses,Kilduff,ukilduff18@miibeian.gov.cn,Male,173.176.207.93
146,Elayne,Coffee,ecoffee19@sciencedaily.com,Bigender,140.9.241.103
147,Norby,Hanaford,nhanaford1a@wiley.com,Male,15.220.255.199
148,Hal,Sprigings,hsprigings1b@usgs.gov,Male,35.113.79.122
149,Amby,Schulze,aschulze1c@stumbleupon.com,Non-binary,6.43.49.228
150,Gillan,Bosomworth,gbosomworth1d@washingtonpost.com,Female,174.129.77.8
151,Rafi,Spurgin,rspurgin1e@dailymail.co.uk,Male,45.63.161.63
152,Roxanna,Middlemiss,rmiddlemiss1f@biblegateway.com,Female,220.198.109.24
153,Granthem,Villaret,gvillaret1g@ezinearticles.com,Male,5.69.6.59
154,Jerrilee,Mardall,jmardall1h@etsy.com,Non-binary,7.223.75.97
155,Martha,Partner,mpartner1i@dailymail.co.uk,Female,219.226.12.107
156,Jorge,Bossons,jbossons1j@zdnet.com,Male,215.251.140.130
157,Flossi,Sline,fsline1k@twitter.com,Female,186.67.104.163
158,Winn,Weatherdon,wweatherdon1l@printfriendly.com,Male,207.237.71.213
159,Rolando,Mardoll,rmardoll1m@woothemes.com,Male,139.15.31.4
160,Ann-marie,Jaime,ajaime1n@1688.com,Female,157.249.105.139
161,Arny,Gyngell,agyngell1o@guardian.co.uk,Male,100.90.192.167
162,Marlene,Edmons,medmons1p@naver.com,Female,171.57.90.137
163,Ilise,O' Flaherty,ioflaherty1q@virginia.edu,Female,239.177.26.163
164,Danya,Lethlay,dlethlay1r@list-manage.com,Male,99.214.166.169
165,Honey,Hunnable,hhunnable1s@latimes.com,Female,214.251.218.63
166,Kathryne,Chatelain,kchatelain1t@google.fr,Female,109.7.215.96
167,Glynnis,Blackston,gblackston1u@storify.com,Female,72.217.204.231
168,Noby,Burner,nburner1v@scientificamerican.com,Male,21.121.140.124
169,Daniella,Treweke,dtreweke1w@buzzfeed.com,Female,158.179.152.43
170,Raine,Whayman,rwhayman1x@stumbleupon.com,Female,171.59.81.74
171,Vidovik,Dowdall,vdowdall1y@cnet.com,Male,21.138.196.132
172,Bibi,Reeve,breeve1z@state.tx.us,Female,151.52.171.221
173,Olimpia,Dessant,odessant20@earthlink.net,Female,194.41.156.252
174,Scarface,O'Nolan,sonolan21@dropbox.com,Male,201.146.154.61
175,Deina,Ainsby,dainsby22@house.gov,Female,83.167.62.231
176,Joletta,Lovewell,jlovewell23@home.pl,Female,185.65.71.221
177,Tabbitha,Sheeran,tsheeran24@quantcast.com,Female,219.115.25.55
178,Astrid,Dinsell,adinsell25@icio.us,Female,41.249.130.113
179,Belinda,Brenard,bbrenard26@over-blog.com,Female,39.16.47.41
180,Albina,Bute,abute27@reverbnation.com,Female,64.120.59.124
181,Raynor,Emons,remons28@fda.gov,Male,176.132.79.32
182,Monique,Holbury,mholbury29@msn.com,Female,26.175.32.31
183,Ermanno,Dymidowicz,edymidowicz2a@guardian.co.uk,Male,64.240.7.98
184,Hailey,Blount,hblount2b@jiathis.com,Male,220.198.203.216
185,Pammy,Blincoe,pblincoe2c@naver.com,Female,238.190.151.74
186,Moise,Townley,mtownley2d@skyrock.com,Male,11.161.91.232
187,Henry,Mingey,hmingey2e@yolasite.com,Male,175.216.97.167
188,Pinchas,Clifft,pclifft2f@sun.com,Male,250.137.17.231
189,Valdemar,Calven,vcalven2g@phpbb.com,Male,136.116.149.132
190,Keelby,Hamlington,khamlington2h@nhs.uk,Male,2.112.200.157
191,Rose,Hughlin,rhughlin2i@webmd.com,Female,221.238.66.144
192,Jason,Zapata,jzapata2j@intel.com,Male,174.107.203.122
193,Cortney,Argo,cargo2k@buzzfeed.com,Female,91.169.42.139
194,Pete,Foreman,pforeman2l@utexas.edu,Male,74.73.244.128
195,Caesar,Gepheart,cgepheart2m@about.com,Male,1.112.81.52
196,Lynnette,Sieghard,lsieghard2n@tamu.edu,Genderqueer,220.113.63.161
197,Judon,Melan,jmelan2o@theatlantic.com,Male,79.159.161.44
198,Carlynn,McGeachey,cmcgeachey2p@spiegel.de,Female,214.14.251.74
199,Odo,Pringour,opringour2q@cnn.com,Male,119.26.205.49
200,Aron,Preto,apreto2r@free.fr,Male,237.29.231.192
201,Alexis,Eirwin,aeirwin2s@lycos.com,Female,56.167.129.171
202,Dexter,Hallatt,dhallatt2t@timesonline.co.uk,Male,54.95.85.240
203,Timmie,Bauman,tbauman2u@fotki.com,Male,19.39.131.229
204,Gleda,Leagas,gleagas2v@home.pl,Female,113.90.152.62
205,Aland,Brophy,abrophy2w@drupal.org,Male,202.46.35.148
206,Aidan,Keysel,akeysel2x@chronoengine.com,Female,62.33.236.252
207,Miner,Richley,mrichley2y@miitbeian.gov.cn,Male,195.71.250.1
208,Mortimer,Cosins,mcosins2z@squarespace.com,Male,30.61.142.16
209,Micheal,Graffham,mgraffham30@google.cn,Male,12.27.68.32
210,Ban,Kahn,bkahn31@skype.com,Male,206.212.61.176
211,Hamil,Hussell,hhussell32@epa.gov,Male,63.39.166.182
212,Vic,McKea,vmckea33@nhs.uk,Non-binary,123.44.85.114
213,Iolanthe,Chadwyck,ichadwyck34@nba.com,Polygender,159.202.15.95
214,Masha,Strowan,mstrowan35@tripod.com,Female,176.73.61.241
215,Agathe,Guyan,aguyan36@qq.com,Female,48.101.80.244
216,Gonzalo,Petigrew,gpetigrew37@mediafire.com,Genderfluid,163.146.170.84
217,Kimmy,Filinkov,kfilinkov38@fda.gov,Female,92.57.34.2
218,Mireille,Syddall,msyddall39@foxnews.com,Female,227.195.155.71
219,Emlyn,Wegner,ewegner3a@so-net.ne.jp,Male,212.64.193.174
220,Georgina,Heater,gheater3b@cnet.com,Female,8.52.178.89
221,Jase,Donisi,jdonisi3c@amazon.com,Male,168.129.141.248
222,Danya,Derx,dderx3d@last.fm,Male,139.156.94.171
223,Margaretta,Hanmore,mhanmore3e@irs.gov,Female,192.146.86.113
224,Oates,Digweed,odigweed3f@cisco.com,Male,208.143.138.37
225,Evey,Cannam,ecannam3g@examiner.com,Female,9.244.228.17
226,Law,Scandrick,lscandrick3h@go.com,Male,201.136.77.244
227,Konstanze,Bowser,kbowser3i@patch.com,Female,224.25.243.116
228,Lilah,Brunelli,lbrunelli3j@ihg.com,Female,12.144.245.125
229,Philippa,Shreeve,pshreeve3k@redcross.org,Female,111.65.63.71
230,Simonne,Woodcock,swoodcock3l@guardian.co.uk,Female,221.113.46.210
231,Briggs,Vanyukov,bvanyukov3m@hud.gov,Male,213.70.26.125
232,Alyosha,Chishull,achishull3n@guardian.co.uk,Genderqueer,106.140.213.57
233,Cathi,Bottoms,cbottoms3o@mysql.com,Female,209.134.166.85
234,Giacobo,Parlot,gparlot3p@addthis.com,Male,43.89.138.122
235,Misti,Blackett,mblackett3q@de.vu,Female,118.216.18.29
236,Ulrica,Hughill,uhughill3r@sakura.ne.jp,Female,231.57.26.83
237,Neala,Evered,nevered3s@liveinternet.ru,Female,14.153.175.99
238,Bernetta,Gheeorghie,bgheeorghie3t@marriott.com,Genderfluid,154.143.135.48
239,Bernadina,Torfin,btorfin3u@ebay.co.uk,Female,114.106.22.109
240,Adams,Wardrope,awardrope3v@oakley.com,Male,173.217.35.77
241,Carny,Kaliszewski,ckaliszewski3w@blinklist.com,Male,233.52.64.181
242,Constantin,Bruneau,cbruneau3x@bluehost.com,Male,254.41.162.66
243,Dion,Laffranconi,dlaffranconi3y@blogtalkradio.com,Female,71.190.4.188
244,Sonja,Vousden,svousden3z@irs.gov,Female,35.236.91.143
245,Orella,Vaulkhard,ovaulkhard40@sitemeter.com,Non-binary,190.178.113.177
246,Issi,Ciciari,iciciari41@nymag.com,Female,100.41.187.34
247,Charla,Walwood,cwalwood42@ask.com,Female,154.182.163.166
248,Leona,Lewendon,llewendon43@mayoclinic.com,Non-binary,199.0.158.84
249,Louis,Dowe,ldowe44@furl.net,Male,139.30.209.122
250,Geneva,Wantling,gwantling45@liveinternet.ru,Female,252.9.231.90
251,Malinda,Labbati,mlabbati46@harvard.edu,Female,239.145.69.254
252,Krystyna,Smurthwaite,ksmurthwaite47@liveinternet.ru,Female,211.223.130.16
253,Brendon,Kintish,bkintish48@illinois.edu,Male,131.30.101.27
254,Rhys,Ridoutt,rridoutt49@fastcompany.com,Male,108.132.49.54
255,Dania,Moran,dmoran4a@yelp.com,Female,153.92.90.35
256,Salim,De Bruin,sdebruin4b@addthis.com,Male,27.67.166.85
257,Richie,Robillard,rrobillard4c@cbslocal.com,Male,20.140.124.141
258,Bjorn,Bacher,bbacher4d@berkeley.edu,Male,92.35.86.170
259,Corbet,Sandwith,csandwith4e@nps.gov,Male,144.201.64.30
260,Saba,Hughson,shughson4f@g.co,Female,115.141.78.180
261,Maximilien,Buss,mbuss4g@so-net.ne.jp,Male,213.223.131.16
262,Carolina,Bauser,cbauser4h@facebook.com,Female,132.60.87.104
263,Carleton,Camble,ccamble4i@boston.com,Male,208.224.176.80
264,Julianne,Rowntree,jrowntree4j@blogtalkradio.com,Female,245.12.131.24
265,Lyn,Hallawell,lhallawell4k@thetimes.co.uk,Male,33.219.66.88
266,Stephana,Wiltshear,swiltshear4l@walmart.com,Female,217.231.192.33
267,Cosetta,Vanyushkin,cvanyushkin4m@msu.edu,Female,127.8.82.213
268,Henrie,Bennellick,hbennellick4n@shutterfly.com,Female,166.72.188.208
269,Jonah,Cubbino,jcubbino4o@mayoclinic.com,Male,89.162.227.217
270,Derwin,Blasetti,dblasetti4p@histats.com,Male,234.230.173.233
271,Dorene,Patek,dpatek4q@whitehouse.gov,Female,52.10.74.210
272,Lilly,Willmetts,lwillmetts4r@techcrunch.com,Polygender,57.187.11.199
273,Glen,Piesing,gpiesing4s@e-recht24.de,Male,67.26.111.133
274,Olenka,Beaton,obeaton4t@csmonitor.com,Female,95.20.149.19
275,Dorthea,Makepeace,dmakepeace4u@disqus.com,Genderqueer,30.62.108.38
276,Yolande,Dodshun,ydodshun4v@miitbeian.gov.cn,Female,232.132.174.244
277,Kristos,Oxtaby,koxtaby4w@kickstarter.com,Male,4.50.24.235
278,Leo,Scarsbrooke,lscarsbrooke4x@japanpost.jp,Male,74.154.87.129
279,Nowell,McCarlich,nmccarlich4y@cbc.ca,Male,252.163.238.5
280,Betta,Lehrian,blehrian4z@imgur.com,Female,39.103.237.28
281,Remington,Cyson,rcyson50@4shared.com,Male,21.206.190.10
282,Jayme,Sazio,jsazio51@google.pl,Male,37.196.197.33
283,Mohammed,Kidde,mkidde52@globo.com,Male,88.205.45.252
284,Gabbie,Matterson,gmatterson53@behance.net,Male,177.100.30.87
285,Frances,Yurshev,fyurshev54@dell.com,Female,39.134.231.97
286,Arin,Clemanceau,aclemanceau55@sitemeter.com,Male,75.3.70.143
287,Lolita,Petrazzi,lpetrazzi56@nationalgeographic.com,Female,221.14.107.102
288,Tomkin,Vogelein,tvogelein57@booking.com,Male,2.104.105.144
289,Beck,Arundale,barundale58@apple.com,Male,194.139.31.229
290,Cobb,Paddington,cpaddington59@illinois.edu,Male,76.171.2.201
291,Alicia,Coil,acoil5a@army.mil,Female,80.63.213.7
292,Rube,Risom,rrisom5b@rediff.com,Male,72.106.177.4
293,Myer,Ockendon,mockendon5c@reverbnation.com,Male,190.217.95.122
294,Gypsy,Stenners,gstenners5d@wikispaces.com,Female,201.129.36.205
295,Graehme,Seefus,gseefus5e@shutterfly.com,Male,153.251.164.146
296,Lucretia,Climson,lclimson5f@free.fr,Female,162.245.92.191
297,Kean,Kegg,kkegg5g@com.com,Male,98.126.198.233
298,Andras,Soames,asoames5h@networkadvertising.org,Male,141.70.62.137
299,Donica,Wragg,dwragg5i@hhs.gov,Female,172.78.97.24
300,Dacia,MacDirmid,dmacdirmid5j@usgs.gov,Female,190.129.199.49
301,Skipp,Boobier,sboobier5k@google.pl,Male,141.179.216.65
302,Killy,Tinghill,ktinghill5l@google.it,Male,27.203.103.21
303,Rustin,Duffie,rduffie5m@github.com,Male,247.1.110.147
304,Nydia,Vittle,nvittle5n@ox.ac.uk,Female,65.45.230.88
305,Lukas,Yter,lyter5o@cdc.gov,Male,173.125.236.211
306,Charlot,Clint,cclint5p@patch.com,Female,182.7.132.195
307,Bertram,Plank,bplank5q@liveinternet.ru,Male,159.186.158.60
308,Salome,Cunnell,scunnell5r@linkedin.com,Female,94.132.20.122
309,Prue,Kenington,pkenington5s@fc2.com,Female,127.97.66.114
310,Stan,Saltsberg,ssaltsberg5t@google.pl,Male,164.38.8.11
311,Marie-jeanne,Tweedle,mtweedle5u@soundcloud.com,Female,54.64.186.54
312,Bee,Wyvill,bwyvill5v@dailymail.co.uk,Female,35.34.226.181
313,Ned,Vampouille,nvampouille5w@wsj.com,Male,27.163.144.56
314,Georgette,Kovacs,gkovacs5x@narod.ru,Female,77.118.194.38
315,Dona,Dobrowski,ddobrowski5y@technorati.com,Female,77.179.217.111
316,Kelly,Kirkham,kkirkham5z@yelp.com,Female,3.113.56.91
317,Isidora,Gethouse,igethouse60@upenn.edu,Female,101.87.70.118
318,Carole,Ondrousek,condrousek61@businesswire.com,Female,2.172.179.91
319,Kyrstin,Joiris,kjoiris62@goo.gl,Female,48.219.135.220
320,Ciel,Powdrell,cpowdrell63@shinystat.com,Female,163.93.161.173
321,Darryl,Roderham,droderham64@youtu.be,Male,222.133.127.181
322,Ardella,Wonfar,awonfar65@mashable.com,Female,146.209.158.205
323,Mahmud,Keston,mkeston66@dedecms.com,Male,74.94.81.152
324,Rosene,Bumpus,rbumpus67@icq.com,Agender,18.67.79.14
325,Clevey,Drewell,cdrewell68@parallels.com,Male,37.89.242.253
326,Henka,Russel,hrussel69@npr.org,Female,246.36.213.110
327,Sigismondo,Vanyard,svanyard6a@pagesperso-orange.fr,Male,27.157.140.92
328,Merv,Thomassin,mthomassin6b@ft.com,Male,141.193.77.79
329,Flore,Harmour,fharmour6c@scribd.com,Female,125.103.48.243
330,Selia,Kybbye,skybbye6d@examiner.com,Female,153.180.95.248
331,Chaunce,Talby,ctalby6e@elpais.com,Male,136.214.254.253
332,Isak,Ronchka,ironchka6f@senate.gov,Male,168.178.158.188
333,Reena,Goldine,rgoldine6g@hc360.com,Female,110.64.242.163
334,Abram,Jecock,ajecock6h@usnews.com,Male,131.239.21.173
335,Horatio,Eneas,heneas6i@cornell.edu,Male,3.235.62.214
336,Cass,Cootes,ccootes6j@washingtonpost.com,Female,170.90.174.93
337,Cyb,O' Driscoll,codriscoll6k@discuz.net,Female,83.144.247.37
338,Morly,Demke,mdemke6l@guardian.co.uk,Male,46.167.238.60
339,Lotti,Bahl,lbahl6m@goo.gl,Female,126.0.231.83
340,Dillie,Pitblado,dpitblado6n@amazonaws.com,Polygender,163.174.108.154
341,Kelli,Slaymaker,kslaymaker6o@ezinearticles.com,Female,154.21.226.113
342,Chickie,Whitmore,cwhitmore6p@123-reg.co.uk,Female,102.211.243.101
343,Sheba,Hasted,shasted6q@digg.com,Female,22.217.50.236
344,Marsha,Coggan,mcoggan6r@bloomberg.com,Female,192.19.124.171
345,Locke,Maliphant,lmaliphant6s@csmonitor.com,Male,122.73.87.210
346,Dorena,Gwilliam,dgwilliam6t@jalbum.net,Female,54.188.62.195
347,Linc,Landrieu,llandrieu6u@nps.gov,Male,110.9.230.59
348,Hailey,Dantesia,hdantesia6v@vinaora.com,Male,77.80.151.85
349,Gerhard,Buckthought,gbuckthought6w@mapquest.com,Male,119.75.52.71
350,Martie,Handslip,mhandslip6x@va.gov,Female,90.106.18.148
351,Afton,Binning,abinning6y@trellian.com,Female,186.97.63.241
352,Early,Pensom,epensom6z@nbcnews.com,Genderfluid,139.29.107.39
353,Chloe,Alvin,calvin70@oakley.com,Female,229.160.231.198
354,Kendal,Longhurst,klonghurst71@discuz.net,Male,12.31.244.186
355,Stacie,Pavis,spavis72@slideshare.net,Genderqueer,194.169.15.10
356,Creigh,Sowerbutts,csowerbutts73@marriott.com,Male,110.187.129.90
357,Gilda,Lodo,glodo74@msn.com,Female,17.192.45.138
358,Monty,Stutely,mstutely75@fastcompany.com,Male,119.253.69.226
359,Cristie,Kelwick,ckelwick76@usgs.gov,Female,117.22.252.66
360,Lorie,Ruckert,lruckert77@scribd.com,Female,57.199.169.34
361,Mario,Twallin,mtwallin78@unblog.fr,Male,52.199.20.154
362,Fanchon,Sebert,fsebert79@altervista.org,Female,228.11.67.214
363,Orazio,McCobb,omccobb7a@apple.com,Male,62.163.76.83
364,Tate,Henriksson,thenriksson7b@xinhuanet.com,Male,95.16.139.185
365,Dniren,Oller,doller7c@buzzfeed.com,Female,82.239.166.27
366,Nathanil,Petzold,npetzold7d@bizjournals.com,Male,24.158.81.3
367,Carlynn,Mandifield,cmandifield7e@bbc.co.uk,Female,200.166.61.17
368,Olympia,Duny,oduny7f@diigo.com,Female,49.194.243.114
369,Aharon,Wilbud,awilbud7g@google.fr,Male,196.38.115.84
370,Bernadene,Ballister,bballister7h@boston.com,Female,23.220.40.54
371,Teodor,Groves,tgroves7i@about.me,Male,0.51.136.203
372,Marjory,Campo,mcampo7j@mediafire.com,Female,165.28.181.213
373,Miles,Laval,mlaval7k@hibu.com,Male,207.177.188.140
374,Scarlet,Domerc,sdomerc7l@eventbrite.com,Female,105.251.82.58
375,Donnie,Fordham,dfordham7m@last.fm,Male,17.227.38.209
376,Ira,Hutfield,ihutfield7n@reddit.com,Male,177.207.210.6
377,Lorne,Audsley,laudsley7o@reuters.com,Male,79.182.105.156
378,Sax,McCraine,smccraine7p@infoseek.co.jp,Genderqueer,35.128.174.93
379,Maddy,Zecchini,mzecchini7q@bigcartel.com,Male,23.185.102.36
380,Georg,Janes,gjanes7r@archive.org,Male,59.214.17.213
381,Cynthy,Livingston,clivingston7s@cmu.edu,Female,67.110.100.121
382,Duane,Tupling,dtupling7t@wikimedia.org,Male,152.115.57.206
383,Sam,Gounod,sgounod7u@parallels.com,Male,46.72.215.33
384,Chaunce,Pittman,cpittman7v@huffingtonpost.com,Male,225.83.185.6
385,Herby,White,hwhite7w@patch.com,Male,219.115.230.123
386,Stanly,Bownde,sbownde7x@disqus.com,Male,2.246.9.88
387,Craggie,Hawton,chawton7y@vimeo.com,Male,39.89.132.71
388,Latisha,Brizell,lbrizell7z@tripod.com,Female,165.136.253.74
389,Brett,Hars,bhars80@foxnews.com,Male,185.98.54.191
390,Wendeline,Leahy,wleahy81@webeden.co.uk,Female,169.230.46.214
391,Valentijn,Heavyside,vheavyside82@nytimes.com,Male,43.29.234.177
392,Kati,Avon,kavon83@msn.com,Female,175.187.120.66
393,Jermayne,Rudeforth,jrudeforth84@umich.edu,Male,174.213.56.58
394,Ax,Mosdell,amosdell85@plala.or.jp,Bigender,23.232.109.89
395,Ches,Wiersma,cwiersma86@wp.com,Male,149.198.64.237
396,Hertha,Limpertz,hlimpertz87@oaic.gov.au,Female,180.11.162.226
397,Hermann,Joskowitz,hjoskowitz88@wunderground.com,Male,238.109.38.130
398,Karena,Aizlewood,kaizlewood89@addthis.com,Female,224.224.164.172
399,Reeva,Halesworth,rhalesworth8a@friendfeed.com,Female,54.244.142.225
400,Lonnie,Hexum,lhexum8b@flickr.com,Female,64.54.206.254
401,Chrissie,Goldney,cgoldney8c@flickr.com,Male,254.27.226.195
402,Kennie,Dionisi,kdionisi8d@ucoz.com,Non-binary,198.67.68.46
403,Lindsy,Doick,ldoick8e@discuz.net,Female,71.74.74.173
404,Em,Abramowitch,eabramowitch8f@storify.com,Female,32.139.241.165
405,Desiri,O'Bruen,dobruen8g@foxnews.com,Female,7.156.236.132
406,Cory,MacEnelly,cmacenelly8h@twitpic.com,Male,59.37.140.3
407,Bliss,Hewell,bhewell8i@tiny.cc,Female,13.53.59.91
408,Melvyn,Guerreau,mguerreau8j@alibaba.com,Male,53.167.203.215
409,Anestassia,Fery,afery8k@deviantart.com,Female,118.40.64.6
410,Ruttger,Hawkswood,rhawkswood8l@washingtonpost.com,Male,244.56.21.65
411,Corry,Pill,cpill8m@newyorker.com,Female,82.202.75.228
412,Alf,Snoad,asnoad8n@va.gov,Male,255.243.140.185
413,Fraze,Smurthwaite,fsmurthwaite8o@buzzfeed.com,Male,248.194.85.86
414,Cecil,Donet,cdonet8p@tamu.edu,Female,91.217.249.59
415,Smith,Meechan,smeechan8q@tuttocitta.it,Male,167.178.20.241
416,Tobie,Rampage,trampage8r@apache.org,Male,250.35.10.51
417,Melita,Stirton,mstirton8s@purevolume.com,Agender,63.212.224.133
418,Raffaello,Doerren,rdoerren8t@salon.com,Male,14.106.91.219
419,Hewett,Mateos,hmateos8u@paginegialle.it,Agender,168.19.30.176
420,Ara,O'Meara,aomeara8v@dropbox.com,Female,231.168.84.156
421,Loy,McTiernan,lmctiernan8w@timesonline.co.uk,Male,130.96.241.21
422,Tommi,Sivills,tsivills8x@sciencedaily.com,Female,53.193.159.195
423,Sansone,Ruberti,sruberti8y@virginia.edu,Male,22.226.1.244
424,Marcelia,Scutcheon,mscutcheon8z@hexun.com,Agender,131.214.211.127
425,Emilee,Kesteven,ekesteven90@dropbox.com,Female,114.181.64.114
426,Tonya,Fedorchenko,tfedorchenko91@last.fm,Female,163.206.47.35
427,Rosaline,Moylan,rmoylan92@wp.com,Female,132.66.30.125
428,Lacy,Mongeot,lmongeot93@nhs.uk,Female,139.83.116.120
429,Germaine,Ahrens,gahrens94@ebay.co.uk,Male,17.30.150.1
430,Casandra,Hiscoe,chiscoe95@comsenz.com,Female,213.187.165.78
431,Richy,Shirrell,rshirrell96@ca.gov,Male,219.79.226.22
432,Finley,Carless,fcarless97@tmall.com,Male,6.240.111.170
433,Zaneta,McGuinley,zmcguinley98@ezinearticles.com,Female,68.228.77.121
434,Tricia,Edmans,tedmans99@gmpg.org,Female,8.219.20.89
435,Cassandre,Trainor,ctrainor9a@prweb.com,Female,57.210.229.111
436,Beau,Umpleby,bumpleby9b@microsoft.com,Male,30.115.97.154
437,Conrad,Stanger,cstanger9c@wisc.edu,Male,225.139.157.212
438,Orin,Quant,oquant9d@bandcamp.com,Male,95.13.197.78
439,Raye,Priel,rpriel9e@facebook.com,Female,173.66.246.83
440,Electra,Itzik,eitzik9f@ycombinator.com,Female,113.203.77.57
441,Trev,Piquard,tpiquard9g@stumbleupon.com,Male,167.98.51.111
442,Andeee,Grenshiels,agrenshiels9h@army.mil,Female,229.39.247.67
443,Ric,Woolcocks,rwoolcocks9i@fema.gov,Male,163.176.176.31
444,Immanuel,Clark,iclark9j@flickr.com,Male,89.182.18.10
445,Sheri,Klempke,sklempke9k@flickr.com,Female,20.184.105.224
446,Doe,Bartholomew,dbartholomew9l@china.com.cn,Female,163.56.204.44
447,Deidre,Rusk,drusk9m@indiatimes.com,Female,145.81.212.132
448,Dannel,Fouracre,dfouracre9n@who.int,Male,23.53.99.250
449,Free,Beamish,fbeamish9o@jimdo.com,Male,208.240.81.13
450,Dorthy,Avramow,davramow9p@si.edu,Female,89.158.43.89
451,Garrek,Freckelton,gfreckelton9q@sphinn.com,Agender,69.194.124.252
452,Waylen,Fligg,wfligg9r@craigslist.org,Genderfluid,87.187.154.179
453,Tymon,Issit,tissit9s@nyu.edu,Male,109.82.227.50
454,Bernie,Atlay,batlay9t@histats.com,Male,139.125.242.186
455,Julieta,Burtenshaw,jburtenshaw9u@wikimedia.org,Female,223.133.114.35
456,Joli,Slimming,jslimming9v@facebook.com,Female,245.247.110.84
457,Margarete,Maslin,mmaslin9w@ibm.com,Female,75.88.168.70
458,Carl,Jephcott,cjephcott9x@networksolutions.com,Bigender,195.73.149.128
459,Powell,Weeks,pweeks9y@cbc.ca,Bigender,138.59.107.43
460,Alaine,Rainbird,arainbird9z@rambler.ru,Female,48.17.167.154
461,Sky,Jeenes,sjeenesa0@psu.edu,Male,131.255.23.151
462,Myrwyn,Frow,mfrowa1@comsenz.com,Male,110.109.211.122
463,Sam,Engelbrecht,sengelbrechta2@plala.or.jp,Female,50.29.57.231
464,Yorker,Parrin,yparrina3@istockphoto.com,Male,158.234.82.128
465,Rachel,Dessant,rdessanta4@google.ru,Female,3.236.156.238
466,Flory,Thoumasson,fthoumassona5@qq.com,Male,107.210.251.195
467,Bonni,Joslow,bjoslowa6@fastcompany.com,Female,227.131.2.36
468,Gabbi,Laxon,glaxona7@unesco.org,Female,219.197.126.36
469,Ezequiel,Castellet,ecastelleta8@goo.ne.jp,Male,117.241.39.26
470,Lonna,McKibbin,lmckibbina9@soup.io,Genderfluid,153.16.191.215
471,Bertie,Cheak,bcheakaa@nature.com,Male,18.219.32.232
472,Berkeley,Orgel,borgelab@imdb.com,Male,34.131.147.72
473,Hastie,Fiske,hfiskeac@netlog.com,Male,141.99.19.153
474,Jenna,Ludlow,jludlowad@delicious.com,Female,151.169.183.154
475,Kacy,Bilsford,kbilsfordae@forbes.com,Female,43.31.100.87
476,Theo,Presland,tpreslandaf@omniture.com,Male,160.131.29.19
477,Dode,Paley,dpaleyag@tinyurl.com,Female,241.25.201.233
478,Christoforo,Harlick,charlickah@whitehouse.gov,Male,150.61.18.222
479,Penn,Burnes,pburnesai@typepad.com,Male,216.206.210.139
480,Pat,Dongles,pdonglesaj@storify.com,Male,250.218.141.214
481,Erwin,Gonnely,egonnelyak@wikimedia.org,Non-binary,47.236.253.76
482,Madelle,Cruise,mcruiseal@mediafire.com,Female,45.4.213.188
483,Elizabet,Cawood,ecawoodam@delicious.com,Female,146.132.228.123
484,Deeann,Yandle,dyandlean@timesonline.co.uk,Female,26.99.203.29
485,Carmella,Binnell,cbinnellao@infoseek.co.jp,Female,6.245.240.49
486,Derick,Stockey,dstockeyap@domainmarket.com,Male,39.110.52.76
487,Octavia,Hancock,ohancockaq@spiegel.de,Female,229.59.41.3
488,Peadar,Rattenberie,prattenberiear@samsung.com,Genderqueer,83.222.253.241
489,Archie,Tuff,atuffas@wordpress.org,Male,77.50.50.163
490,Lita,Breinlein,lbreinleinat@earthlink.net,Female,34.225.106.141
491,Diann,Hardy-Piggin,dhardypigginau@hao123.com,Bigender,222.210.9.250
492,Wilmar,Wentworth,wwentworthav@yellowpages.com,Male,224.213.129.115
493,Bobby,Duddan,bduddanaw@fc2.com,Female,52.185.31.127
494,Allyce,Goadsby,agoadsbyax@mtv.com,Female,3.69.157.87
495,Allan,Barmby,abarmbyay@ebay.co.uk,Male,203.57.168.30
496,Harbert,Capstake,hcapstakeaz@geocities.jp,Genderfluid,247.85.55.242
497,Hana,Le Fleming,hleflemingb0@storify.com,Female,64.80.251.73
498,Lenard,Kops,lkopsb1@mapy.cz,Male,250.221.217.17
499,Trumann,Emlyn,temlynb2@google.fr,Male,244.38.97.192
500,Cameron,M'Chirrie,cmchirrieb3@businesswire.com,Male,127.146.172.38
501,Deloris,Bartalini,dbartalinib4@google.ru,Female,97.237.210.231
502,Fonsie,Cheer,fcheerb5@alexa.com,Male,97.193.0.208
503,Christye,Wythe,cwytheb6@pagesperso-orange.fr,Female,141.126.232.192
504,Gian,Waskett,gwaskettb7@eepurl.com,Male,71.204.226.222
505,Maryjo,Stetson,mstetsonb8@cpanel.net,Female,2.192.19.135
506,Germaine,Walsom,gwalsomb9@europa.eu,Genderfluid,88.38.210.162
507,Ranee,Blazi,rblaziba@ask.com,Female,11.210.166.29
508,Skell,Matissoff,smatissoffbb@admin.ch,Male,156.103.216.97
509,Fenelia,Cregan,fcreganbc@topsy.com,Female,88.70.137.54
510,Annalee,Taillard,ataillardbd@about.me,Female,208.117.5.38
511,Farah,Woolbrook,fwoolbrookbe@omniture.com,Female,221.152.120.53
512,Stanwood,Matiewe,smatiewebf@storify.com,Male,110.200.84.242
513,Sterling,Kellitt,skellittbg@msn.com,Male,237.255.91.3
514,Aggi,Hollier,ahollierbh@army.mil,Female,173.95.156.211
515,Waring,Olech,wolechbi@creativecommons.org,Genderqueer,3.157.70.14
516,Magdaia,Gravenall,mgravenallbj@vkontakte.ru,Female,133.15.224.58
517,Frankie,Acomb,facombbk@exblog.jp,Polygender,157.251.0.217
518,Damiano,Sturr,dsturrbl@hexun.com,Male,36.70.37.40
519,Alon,Breward,abrewardbm@pbs.org,Male,19.239.187.196
520,Barry,Wheatman,bwheatmanbn@goo.gl,Male,252.10.18.147
521,Fielding,Horstead,fhorsteadbo@squarespace.com,Male,35.11.36.191
522,Nikaniki,Leyes,nleyesbp@friendfeed.com,Female,234.69.252.21
523,Martyn,Carriage,mcarriagebq@blog.com,Male,68.62.150.94
524,Bobinette,Falck,bfalckbr@yellowbook.com,Female,91.162.20.188
525,Sid,Favill,sfavillbs@cdc.gov,Male,146.58.153.55
526,Tomas,Render,trenderbt@noaa.gov,Male,8.225.220.132
527,Cristal,Dubose,cdubosebu@redcross.org,Genderqueer,213.69.86.255
528,Shea,Madelin,smadelinbv@unc.edu,Female,50.190.94.109
529,Baxy,Mottinelli,bmottinellibw@state.gov,Male,168.170.216.252
530,Giles,Elmar,gelmarbx@google.ru,Male,147.81.251.81
531,Antonio,Zoren,azorenby@skyrock.com,Male,102.162.139.247
532,Hallsy,Queree,hquereebz@wufoo.com,Male,96.3.251.225
533,Olympe,Walls,owallsc0@skyrock.com,Female,44.131.251.181
534,Antony,Tobias,atobiasc1@cafepress.com,Male,11.121.120.198
535,Trever,Malley,tmalleyc2@europa.eu,Male,47.147.207.60
536,Suzie,Karby,skarbyc3@hao123.com,Female,234.114.232.112
537,Bryon,Ozintsev,bozintsevc4@cornell.edu,Male,44.93.134.3
538,Morena,Van der Baaren,mvanderbaarenc5@gravatar.com,Female,206.175.50.160
539,Salvatore,Corbet,scorbetc6@reference.com,Male,133.11.61.97
540,Benedetto,Kevern,bkevernc7@bloomberg.com,Male,132.232.238.140
541,Carissa,Toping,ctopingc8@quantcast.com,Female,49.31.185.54
542,Serena,Fadden,sfaddenc9@feedburner.com,Female,18.101.132.21
543,Maren,Snead,msneadca@youtube.com,Female,228.251.207.204
544,Dahlia,Dunican,ddunicancb@netlog.com,Female,5.140.94.18
545,Nathanil,O'Hone,nohonecc@google.nl,Male,26.32.107.13
546,Sylvan,Goodered,sgooderedcd@dell.com,Male,48.3.251.88
547,Alberta,Eakin,aeakince@bizjournals.com,Female,234.117.245.182
548,Alanah,Deeney,adeeneycf@pen.io,Female,109.100.131.196
549,Kimmie,Rutty,kruttycg@nbcnews.com,Female,45.2.60.235
550,Lars,Randleson,lrandlesonch@goo.ne.jp,Male,88.44.28.18
551,Base,Speares,bspearesci@who.int,Male,229.71.109.124
552,Florencia,Ipsley,fipsleycj@hatena.ne.jp,Female,91.167.31.229
553,Dex,McAw,dmcawck@dedecms.com,Male,202.138.11.244
554,Carma,Backshill,cbackshillcl@homestead.com,Female,116.234.182.69
555,Griffy,Lugton,glugtoncm@chron.com,Male,251.136.215.246
556,Francene,Oliver,folivercn@latimes.com,Bigender,244.157.242.6
557,Nevins,Dole,ndoleco@seesaa.net,Male,185.18.252.58
558,Eldon,Braund,ebraundcp@eventbrite.com,Male,151.46.243.89
559,Rudiger,Arcase,rarcasecq@whitehouse.gov,Male,183.64.176.84
560,Brandie,Loosely,blooselycr@prnewswire.com,Genderfluid,128.15.173.249
561,Elinor,Elwel,eelwelcs@topsy.com,Female,70.122.145.252
562,Brandea,Simeone,bsimeonect@businessweek.com,Female,95.8.211.33
563,Eugenio,Mackrell,emackrellcu@ifeng.com,Male,19.169.34.55
564,Ike,Flahive,iflahivecv@chicagotribune.com,Male,41.218.124.170
565,Augustine,Merrington,amerringtoncw@over-blog.com,Female,189.56.206.127
566,Wilden,Carpmile,wcarpmilecx@creativecommons.org,Male,35.29.246.190
567,Gerianna,Wordsworth,gwordsworthcy@godaddy.com,Female,75.43.50.182
568,Ynes,Brixey,ybrixeycz@hc360.com,Female,212.19.172.4
569,Polly,Marushak,pmarushakd0@networkadvertising.org,Female,127.77.139.218
570,Othelia,Sinnie,osinnied1@amazon.com,Female,129.2.173.44
571,Cristine,Linfitt,clinfittd2@nationalgeographic.com,Female,203.71.25.208
572,Greta,Vezey,gvezeyd3@wordpress.com,Female,197.113.247.111
573,Melamie,Candie,mcandied4@qq.com,Female,15.7.213.196
574,Veronique,Selbach,vselbachd5@npr.org,Female,92.49.110.35
575,Serene,Munden,smundend6@mozilla.org,Female,172.109.228.129
576,Claudelle,Crickmer,ccrickmerd7@nbcnews.com,Female,152.72.161.82
577,Zackariah,Curcher,zcurcherd8@wsj.com,Male,244.6.192.190
578,Adriana,Bollini,abollinid9@mtv.com,Female,189.74.236.5
579,Court,Funnell,cfunnellda@wisc.edu,Male,116.222.52.213
580,Ulick,Leask,uleaskdb@yolasite.com,Male,73.73.167.133
581,Tasha,Simonyi,tsimonyidc@ezinearticles.com,Female,52.87.137.112
582,Elsey,Jansey,ejanseydd@discovery.com,Female,188.112.61.119
583,Griff,Draaisma,gdraaismade@state.tx.us,Male,190.104.239.5
584,Nicko,Cantu,ncantudf@linkedin.com,Male,31.190.49.123
585,Penny,Linden,plindendg@aol.com,Male,69.175.73.240
586,Shay,Phebey,sphebeydh@theglobeandmail.com,Female,67.59.212.183
587,Johnath,Lawlie,jlawliedi@gov.uk,Female,45.41.187.14
588,Isabella,Po,ipodj@lycos.com,Female,153.255.175.127
589,Obie,Crolla,ocrolladk@deliciousdays.com,Male,57.123.195.53
590,Alanna,Houldey,ahouldeydl@tinyurl.com,Female,116.253.218.236
591,Nikos,Stanger,nstangerdm@phoca.cz,Bigender,159.243.232.158
592,Cecilio,Greder,cgrederdn@hud.gov,Male,60.94.193.85
593,Maximilien,Mustin,mmustindo@jiathis.com,Male,229.71.243.211
594,Gipsy,Bullion,gbulliondp@google.com.br,Female,130.72.94.111
595,Jacklin,Gargett,jgargettdq@theguardian.com,Agender,240.211.184.9
596,Nola,Cogan,ncogandr@people.com.cn,Female,31.181.228.238
597,Cyrille,Trowsdale,ctrowsdaleds@nymag.com,Male,66.243.83.64
598,Audrye,Gibbon,agibbondt@bandcamp.com,Female,39.61.145.89
599,Reamonn,Osipenko,rosipenkodu@spiegel.de,Male,116.177.57.106
600,Fanchon,Stolli,fstollidv@yale.edu,Female,24.176.12.14
601,Kristien,Colleford,kcolleforddw@state.tx.us,Female,234.183.77.29
602,Nina,Beefon,nbeefondx@shareasale.com,Female,176.189.189.124
603,Sherwynd,Athersmith,sathersmithdy@eepurl.com,Male,165.181.26.57
604,Skipton,Trustey,strusteydz@phoca.cz,Male,176.253.62.104
605,Dave,Southan,dsouthane0@themeforest.net,Male,84.41.46.70
606,Berri,Triswell,btriswelle1@ox.ac.uk,Female,31.184.222.145
607,Zack,Pettigree,zpettigreee2@wordpress.com,Male,64.229.216.0
608,Dino,Chilley,dchilleye3@uol.com.br,Male,28.61.11.234
609,Eloisa,O'Sullivan,eosullivane4@blogspot.com,Female,30.137.27.136
610,Suzie,Griffiths,sgriffithse5@wordpress.org,Female,70.198.9.211
611,Ramsay,Goede,rgoedee6@sfgate.com,Male,230.93.239.143
612,Aubert,Spindler,aspindlere7@google.cn,Male,71.31.27.220
613,Claiborn,Nind,cninde8@cloudflare.com,Male,231.174.113.4
614,Westbrooke,Glancey,wglanceye9@delicious.com,Male,126.157.34.103
615,Bryn,Shewery,bsheweryea@bluehost.com,Male,253.64.238.69
616,Theodor,Mapplethorpe,tmapplethorpeeb@prlog.org,Male,88.36.140.135
617,Valentine,Aspinal,vaspinalec@thetimes.co.uk,Female,231.182.134.182
618,Cahra,MacGow,cmacgowed@google.nl,Female,102.156.209.47
619,Bil,Rigby,brigbyee@myspace.com,Male,51.65.79.197
620,Windy,Siddon,wsiddonef@t-online.de,Female,106.191.175.239
621,Krystyna,Chicken,kchickeneg@msu.edu,Genderfluid,123.17.26.110
622,Saleem,Trimby,strimbyeh@techcrunch.com,Male,89.160.70.177
623,Bailie,McLoughlin,bmcloughlinei@vk.com,Male,60.68.148.211
624,Henri,Drissell,hdrissellej@tinyurl.com,Male,147.237.101.46
625,Carleen,Pardew,cpardewek@stumbleupon.com,Female,140.108.195.163
626,Kelley,McCarney,kmccarneyel@tmall.com,Male,205.69.105.179
627,Emma,Bulford,ebulfordem@oakley.com,Female,181.75.1.16
628,Alleyn,Price,apriceen@ft.com,Agender,169.152.101.44
629,Davita,Beste,dbesteeo@usatoday.com,Female,254.200.136.75
630,Tomas,Biaggetti,tbiaggettiep@fda.gov,Male,94.250.118.194
631,Jayme,Brounsell,jbrounselleq@sfgate.com,Female,73.233.115.130
632,Karilynn,Demoge,kdemogeer@bluehost.com,Female,124.155.123.158
633,Stanly,Mapston,smapstones@tinyurl.com,Male,82.186.68.22
634,Byrom,Plumridege,bplumridegeet@umn.edu,Male,55.255.201.123
635,Jobyna,Paskin,jpaskineu@devhub.com,Female,228.161.238.102
636,Salli,Philippson,sphilippsonev@elpais.com,Female,248.202.82.243
637,Caty,MacCorley,cmaccorleyew@zimbio.com,Non-binary,33.82.43.90
638,Reena,Lofty,rloftyex@odnoklassniki.ru,Genderfluid,206.137.116.75
639,Jaymie,Corten,jcorteney@constantcontact.com,Male,228.164.5.206
640,Kippar,Pineaux,kpineauxez@tumblr.com,Male,248.135.143.233
641,Francesca,Galiero,fgalierof0@whitehouse.gov,Female,153.126.253.160
642,Hildegaard,Tanner,htannerf1@ft.com,Female,171.96.162.237
643,Cristiano,Presnail,cpresnailf2@mozilla.com,Bigender,5.61.29.253
644,Carol-jean,Gurys,cgurysf3@gizmodo.com,Female,241.84.242.93
645,Corina,Philott,cphilottf4@constantcontact.com,Female,48.14.180.93
646,Zahara,Adiscot,zadiscotf5@nbcnews.com,Female,131.73.85.100
647,Vin,Minmagh,vminmaghf6@skype.com,Male,23.164.94.104
648,Erma,Maffiotti,emaffiottif7@reuters.com,Non-binary,248.219.199.116
649,Juliet,Wellfare,jwellfaref8@miitbeian.gov.cn,Female,93.232.178.228
650,Janine,Laverack,jlaverackf9@purevolume.com,Female,108.222.37.245
651,Minette,Tills,mtillsfa@xrea.com,Female,242.22.79.75
652,Gustave,Levin,glevinfb@skype.com,Male,169.149.251.119
653,Sal,Schroter,sschroterfc@hud.gov,Male,114.147.232.55
654,Yvonne,Sibbs,ysibbsfd@pagesperso-orange.fr,Female,80.187.241.3
655,Margarete,Kingsbury,mkingsburyfe@bing.com,Female,156.151.101.102
656,Rayshell,Pinar,rpinarff@samsung.com,Female,80.6.23.26
657,Putnem,Reap,preapfg@meetup.com,Male,203.112.101.119
658,Prue,Blazeby,pblazebyfh@ted.com,Female,194.44.81.5
659,Lalo,Tyrer,ltyrerfi@webnode.com,Genderqueer,98.123.232.163
660,Carlynn,Belding,cbeldingfj@theatlantic.com,Female,92.64.188.165
661,Chen,Bott,cbottfk@freewebs.com,Male,144.203.105.255
662,Sasha,Clemits,sclemitsfl@mac.com,Female,114.101.97.176
663,Giffard,Odhams,godhamsfm@edublogs.org,Male,41.115.254.59
664,Pembroke,Veljes,pveljesfn@hud.gov,Male,65.17.117.230
665,Sallee,McLoughlin,smcloughlinfo@ft.com,Female,248.39.83.116
666,Bink,Gladyer,bgladyerfp@mail.ru,Bigender,185.217.237.204
667,Rod,Narbett,rnarbettfq@behance.net,Male,152.227.224.211
668,Felecia,Stoven,fstovenfr@stumbleupon.com,Female,101.115.146.190
669,Tildy,Dimnage,tdimnagefs@skyrock.com,Female,27.72.75.215
670,Emmalee,O'Coskerry,eocoskerryft@eepurl.com,Female,138.24.233.160
671,Wat,Eberle,weberlefu@economist.com,Male,211.120.253.6
672,Geno,Loverock,gloverockfv@nasa.gov,Male,64.123.200.36
673,Ruttger,MacCarlich,rmaccarlichfw@washingtonpost.com,Non-binary,146.231.127.89
674,Siegfried,Chirm,schirmfx@nifty.com,Male,211.176.94.118
675,Perrine,Laweles,plawelesfy@bbb.org,Female,1.118.179.172
676,Judas,Lyddon,jlyddonfz@youtube.com,Male,114.242.255.92
677,Murray,Oakwell,moakwellg0@spiegel.de,Male,49.184.185.139
678,Sean,McTrustram,smctrustramg1@mlb.com,Female,199.108.138.202
679,Jordanna,Taye,jtayeg2@4shared.com,Female,160.199.64.120
680,Xavier,Bunstone,xbunstoneg3@patch.com,Male,47.54.42.66
681,Auroora,Giacobelli,agiacobellig4@mozilla.org,Female,110.214.177.49
682,Vladimir,Gillard,vgillardg5@examiner.com,Male,213.133.96.5
683,Carmela,Arboin,carboing6@irs.gov,Female,3.209.185.209
684,Brittne,Hughman,bhughmang7@ft.com,Female,176.146.121.252
685,Laurel,Crosse,lcrosseg8@vkontakte.ru,Female,81.232.137.176
686,Alysa,Phalip,aphalipg9@ftc.gov,Female,178.65.253.225
687,Beverley,Fairebrother,bfairebrotherga@360.cn,Female,164.168.204.239
688,Allegra,Dranfield,adranfieldgb@ehow.com,Female,203.213.120.39
689,Leodora,Hyslop,lhyslopgc@github.com,Female,50.174.113.166
690,Maia,Sewell,msewellgd@china.com.cn,Female,87.20.223.78
691,Shirley,de Bullion,sdebullionge@tumblr.com,Female,56.196.46.252
692,Harrietta,Threadkell,hthreadkellgf@wordpress.org,Female,197.227.98.201
693,Priscilla,Anfrey,panfreygg@chronoengine.com,Female,201.0.185.75
694,Ag,Ormesher,aormeshergh@imgur.com,Female,237.226.80.132
695,Gilbert,Moat,gmoatgi@booking.com,Male,102.116.106.130
696,Bartholomeo,Annetts,bannettsgj@yahoo.co.jp,Male,76.233.81.110
697,Lalo,Carvilla,lcarvillagk@dot.gov,Male,78.167.131.73
698,Kirby,Beaney,kbeaneygl@cnn.com,Female,113.178.36.187
699,Blair,Leppo,bleppogm@cisco.com,Polygender,46.150.168.234
700,Lorrin,Thomson,lthomsongn@gmpg.org,Female,24.61.230.68
701,Joachim,MacTerlagh,jmacterlaghgo@alexa.com,Male,115.171.190.90
702,Sadye,Jacquot,sjacquotgp@wufoo.com,Female,57.118.46.99
703,Phylis,Tench,ptenchgq@noaa.gov,Female,144.170.192.71
704,Flor,Yakobowitz,fyakobowitzgr@scientificamerican.com,Female,174.77.99.134
705,Mellisa,Buckhurst,mbuckhurstgs@themeforest.net,Female,123.198.65.167
706,Calley,Raraty,craratygt@plala.or.jp,Female,152.198.156.248
707,Audi,Lesaunier,alesauniergu@yahoo.co.jp,Female,98.154.91.230
708,Zared,Vearncombe,zvearncombegv@simplemachines.org,Male,84.183.0.204
709,Lew,Demelt,ldemeltgw@vimeo.com,Male,201.219.146.238
710,Bambie,Hutten,bhuttengx@thetimes.co.uk,Polygender,86.25.45.28
711,Gena,Shepard,gshepardgy@uol.com.br,Female,243.192.93.71
712,Buiron,Bodega,bbodegagz@webs.com,Male,174.46.143.65
713,Charis,Cucinotta,ccucinottah0@wunderground.com,Genderqueer,225.137.233.66
714,Abbe,Walthew,awalthewh1@mtv.com,Female,159.86.175.175
715,Fergus,Rapper,frapperh2@mapquest.com,Male,193.6.14.71
716,Jeddy,Estoile,jestoileh3@geocities.jp,Male,96.27.23.156
717,Gran,O' Flaherty,goflahertyh4@home.pl,Male,209.143.64.168
718,Garwood,Antonellini,gantonellinih5@sina.com.cn,Male,88.83.87.57
719,Sapphire,Deerness,sdeernessh6@dmoz.org,Female,125.120.180.60
720,Delmore,Teodorski,dteodorskih7@theatlantic.com,Male,117.146.9.224
721,Carrissa,Wassung,cwassungh8@skype.com,Female,201.255.127.107
722,Gordan,Giovannelli,ggiovannellih9@nymag.com,Male,244.225.145.213
723,Harri,Pendred,hpendredha@loc.gov,Female,68.127.206.237
724,Brenna,Dibben,bdibbenhb@comcast.net,Female,252.188.74.40
725,Griffie,Wray,gwrayhc@deliciousdays.com,Male,70.65.179.110
726,Cybill,Makepeace,cmakepeacehd@virginia.edu,Female,102.220.249.83
727,Emery,Lacelett,elaceletthe@google.ru,Male,147.213.75.192
728,Ellynn,Stiling,estilinghf@chronoengine.com,Female,246.52.21.199
729,Lesli,Jeeves,ljeeveshg@sourceforge.net,Female,6.223.184.199
730,Gail,Seifenmacher,gseifenmacherhh@umich.edu,Male,32.36.142.119
731,Armando,Maltby,amaltbyhi@etsy.com,Male,171.162.244.167
732,Derek,Ferrige,dferrigehj@telegraph.co.uk,Male,147.20.41.224
733,Farr,Hakonsen,fhakonsenhk@cbsnews.com,Male,14.8.229.150
734,Ruddy,Trendle,rtrendlehl@timesonline.co.uk,Male,151.54.20.6
735,Jorgan,Raxworthy,jraxworthyhm@wsj.com,Male,127.21.6.238
736,Aland,Borman,abormanhn@hugedomains.com,Male,46.64.208.121
737,Allis,Lehemann,alehemannho@phpbb.com,Female,13.49.162.17
738,Antons,Barden,abardenhp@scientificamerican.com,Male,43.106.155.3
739,Ty,Gillbe,tgillbehq@bloglovin.com,Male,44.181.33.70
740,Joana,Kiebes,jkiebeshr@goodreads.com,Polygender,97.68.76.6
741,Faustine,Van den Dael,fvandendaelhs@livejournal.com,Female,186.245.123.136
742,Fanchette,Marr,fmarrht@drupal.org,Female,135.142.141.152
743,Conni,Ramard,cramardhu@jugem.jp,Female,135.99.203.149
744,Dorette,Philliskirk,dphilliskirkhv@ucsd.edu,Female,82.135.44.62
745,Dare,Dempsey,ddempseyhw@over-blog.com,Male,64.5.40.28
746,Nanette,Russel,nrusselhx@google.com,Female,180.82.127.3
747,Parnell,Thomassen,pthomassenhy@ebay.com,Male,48.112.115.133
748,Valerye,Bollins,vbollinshz@npr.org,Non-binary,251.4.27.103
749,Mordecai,Baribal,mbaribali0@nytimes.com,Male,29.107.199.90
750,Karlik,Seeman,kseemani1@webs.com,Male,215.96.122.243
751,Diarmid,Kerbler,dkerbleri2@google.de,Male,134.146.22.29
752,Maiga,Emlen,memleni3@instagram.com,Female,163.213.190.246
753,York,Fulle,yfullei4@mapy.cz,Male,44.182.42.87
754,Sherlock,Powe,spowei5@hhs.gov,Male,16.182.231.132
755,Paulie,Geldeard,pgeldeardi6@apache.org,Female,207.173.120.210
756,Tiphany,Lotherington,tlotheringtoni7@latimes.com,Female,93.252.216.138
757,Marianna,Larmouth,mlarmouthi8@gov.uk,Female,145.142.238.40
758,Denyse,Clue,dcluei9@sun.com,Female,116.86.170.75
759,Wyatan,Noakes,wnoakesia@wikimedia.org,Male,172.32.141.77
760,Jaime,Lufkin,jlufkinib@e-recht24.de,Female,126.217.78.60
761,Amabel,Stoaks,astoaksic@unblog.fr,Female,19.60.28.251
762,Winny,Piddington,wpiddingtonid@elegantthemes.com,Male,70.165.49.67
763,Dionisio,Danilevich,ddanilevichie@pen.io,Male,84.161.186.155
764,Jo,McTrusty,jmctrustyif@cisco.com,Female,28.56.78.4
765,Montgomery,MacGettigen,mmacgettigenig@abc.net.au,Male,113.202.101.75
766,Fran,Oake,foakeih@bbb.org,Female,181.146.40.32
767,Baillie,Newart,bnewartii@google.ca,Male,51.255.102.79
768,Vanya,McLeary,vmclearyij@nyu.edu,Female,52.203.49.182
769,Pepito,Walbrun,pwalbrunik@cloudflare.com,Male,220.181.151.229
770,Felicity,Penella,fpenellail@sohu.com,Female,9.59.189.145
771,Beth,Worsnop,bworsnopim@mtv.com,Female,211.2.24.60
772,Rowena,Alenin,raleninin@bandcamp.com,Bigender,43.128.59.153
773,Berty,Bodker,bbodkerio@ustream.tv,Female,10.169.104.162
774,Mallorie,Houlahan,mhoulahanip@histats.com,Female,115.28.221.173
775,Elsinore,Ripping,erippingiq@dailymail.co.uk,Agender,84.33.88.126
776,Hamnet,Novak,hnovakir@baidu.com,Male,50.110.200.121
777,Hart,Ormston,hormstonis@lulu.com,Male,146.7.59.37
778,Vonny,Older,volderit@hao123.com,Female,122.210.51.199
779,Kalil,McCulloch,kmccullochiu@wsj.com,Male,88.205.199.224
780,Natividad,Botton,nbottoniv@tmall.com,Non-binary,132.230.242.186
781,Loydie,Matas,lmatasiw@blogspot.com,Male,16.239.244.230
782,Pall,Highwood,phighwoodix@1und1.de,Male,26.101.117.4
783,Shayne,Ratcliff,sratcliffiy@mlb.com,Female,127.204.224.179
784,Dian,Greave,dgreaveiz@walmart.com,Female,139.71.141.188
785,Kacey,Rome,kromej0@google.com.br,Female,170.56.235.86
786,Shep,Matches,smatchesj1@theatlantic.com,Male,114.208.91.152
787,Eveline,Bernardez,ebernardezj2@t.co,Bigender,166.3.67.240
788,Jami,Curl,jcurlj3@dailymotion.com,Female,243.86.128.118
789,Friedrich,Ditt,fdittj4@vinaora.com,Male,217.205.9.47
790,Alric,Godlonton,agodlontonj5@prweb.com,Male,184.103.181.205
791,Haily,Figin,hfiginj6@utexas.edu,Male,242.84.74.164
792,Ronni,McAw,rmcawj7@google.ca,Female,0.204.192.110
793,Sholom,Golagley,sgolagleyj8@ihg.com,Male,69.21.12.245
794,Olva,Kamenar,okamenarj9@youku.com,Female,20.0.10.222
795,Blaine,Woodburne,bwoodburneja@seesaa.net,Male,36.171.207.169
796,Hestia,Pirdy,hpirdyjb@webeden.co.uk,Female,185.178.225.158
797,Florella,Jindrak,fjindrakjc@sciencedaily.com,Bigender,49.97.214.9
798,Sabrina,Ripley,sripleyjd@rambler.ru,Female,84.205.17.105
799,Lorrayne,Panas,lpanasje@answers.com,Female,9.192.94.226
800,Darrel,Trimbey,dtrimbeyjf@washingtonpost.com,Male,187.61.168.150
801,Frances,Monini,fmoninijg@wisc.edu,Female,211.59.52.136
802,Germana,Caush,gcaushjh@geocities.com,Female,253.190.236.101
803,Franz,McCurry,fmccurryji@biglobe.ne.jp,Male,142.214.229.187
804,Enrichetta,Fosh,efoshjj@4shared.com,Female,247.50.29.19
805,Abbott,Barling,abarlingjk@mayoclinic.com,Male,108.1.153.148
806,Cherish,Kleinlerer,ckleinlererjl@geocities.com,Female,177.8.126.114
807,Netty,Chaplain,nchaplainjm@tamu.edu,Female,200.246.96.91
808,Sonnnie,Impy,simpyjn@umich.edu,Female,155.233.99.235
809,Koo,Boshier,kboshierjo@wix.com,Female,157.17.16.10
810,Prisca,Dannohl,pdannohljp@printfriendly.com,Female,154.149.222.30
811,Bobinette,Willarton,bwillartonjq@ebay.com,Female,127.122.156.88
812,Elaine,Tooting,etootingjr@moonfruit.com,Female,84.91.186.105
813,Beilul,Brik,bbrikjs@google.com.br,Female,79.178.240.182
814,Lion,Eagleston,leaglestonjt@dedecms.com,Male,121.212.72.154
815,Raleigh,Hebson,rhebsonju@delicious.com,Male,155.141.158.219
816,Sullivan,Kelshaw,skelshawjv@scribd.com,Male,53.2.245.11
817,Thayne,Ilden,tildenjw@usgs.gov,Male,4.42.187.220
818,Harrison,Coetzee,hcoetzeejx@blinklist.com,Male,118.247.23.85
819,Trev,Hessel,thesseljy@live.com,Male,230.81.101.236
820,Alleen,Kersey,akerseyjz@123-reg.co.uk,Female,245.181.204.125
821,Rooney,Gostall,rgostallk0@ucsd.edu,Male,152.152.198.22
822,Dane,Browell,dbrowellk1@addthis.com,Male,182.128.23.78
823,Kermit,Skingle,kskinglek2@paginegialle.it,Genderfluid,232.250.198.139
824,Pauline,Petlyura,ppetlyurak3@reuters.com,Female,200.81.134.46
825,Elisha,Basini-Gazzi,ebasinigazzik4@desdev.cn,Non-binary,58.186.70.113
826,Dame,Kristufek,dkristufekk5@feedburner.com,Male,204.184.56.144
827,Eimile,Garham,egarhamk6@canalblog.com,Female,124.108.79.41
828,Linoel,Londsdale,llondsdalek7@wikia.com,Male,242.199.55.193
829,Ava,MacKimm,amackimmk8@ucsd.edu,Female,75.250.95.91
830,Godfry,Pablos,gpablosk9@vk.com,Male,238.155.222.145
831,Obie,Gandey,ogandeyka@g.co,Male,174.3.142.173
832,Durward,Careless,dcarelesskb@princeton.edu,Polygender,109.99.25.50
833,Adrian,Pariso,aparisokc@google.pl,Male,202.157.82.70
834,Burton,Spratley,bspratleykd@cargocollective.com,Male,120.30.95.89
835,Ozzie,Crayk,ocraykke@gov.uk,Male,143.176.49.82
836,Homer,Giddy,hgiddykf@huffingtonpost.com,Male,211.208.32.145
837,Clarine,Tunbridge,ctunbridgekg@51.la,Female,125.141.81.94
838,Quincey,Axell,qaxellkh@blogs.com,Male,100.247.243.116
839,Fianna,Smeuin,fsmeuinki@wordpress.org,Female,238.28.239.66
840,Shanie,Macklam,smacklamkj@usnews.com,Female,161.163.212.243
841,Lane,Herety,lheretykk@netlog.com,Female,174.196.8.108
842,Anette,Spillane,aspillanekl@xing.com,Female,88.209.55.144
843,Barri,Sirmond,bsirmondkm@plala.or.jp,Male,51.242.148.132
844,Prisca,Dearness,pdearnesskn@bbc.co.uk,Genderfluid,147.133.29.236
845,Wally,Valentine,wvalentineko@drupal.org,Female,189.146.109.161
846,Curtis,Marjanski,cmarjanskikp@desdev.cn,Male,163.238.46.1
847,Flinn,Thieme,fthiemekq@google.it,Male,249.97.103.51
848,Ike,Ranfield,iranfieldkr@ehow.com,Male,17.199.209.82
849,Mickie,Reck,mreckks@discovery.com,Polygender,187.65.54.126
850,Brodie,Wynn,bwynnkt@jugem.jp,Male,152.12.248.155
851,Friederike,Cobelli,fcobelliku@redcross.org,Female,158.76.37.113
852,Maurits,Abba,mabbakv@examiner.com,Male,107.199.176.12
853,Sissy,Hovenden,shovendenkw@nyu.edu,Female,159.89.144.133
854,Frederigo,Starbeck,fstarbeckkx@cafepress.com,Male,77.7.47.142
855,Shurwood,Alner,salnerky@e-recht24.de,Male,193.92.177.32
856,Nikaniki,Plet,npletkz@moonfruit.com,Female,225.75.98.252
857,Molli,Rycraft,mrycraftl0@mashable.com,Female,228.230.172.222
858,Chen,Francie,cfranciel1@studiopress.com,Male,247.164.123.205
859,Annamaria,Compton,acomptonl2@google.ca,Female,155.47.168.198
860,Jody,Meldrum,jmeldruml3@unblog.fr,Male,247.41.140.53
861,Bailey,Rickardsson,brickardssonl4@unicef.org,Male,86.66.137.10
862,Imogen,Pettipher,ipettipherl5@ebay.com,Female,180.188.65.45
863,Debbie,Horsfield,dhorsfieldl6@mlb.com,Female,225.175.33.20
864,Marabel,Switsur,mswitsurl7@artisteer.com,Female,86.245.249.136
865,Loria,Tant,ltantl8@reddit.com,Female,155.84.74.148
866,Marcus,Rumbold,mrumboldl9@usda.gov,Male,15.143.53.212
867,Suzette,Greedy,sgreedyla@ibm.com,Female,139.252.215.211
868,Electra,Miall,emialllb@mit.edu,Female,29.116.149.42
869,Dal,Tours,dtourslc@sina.com.cn,Male,208.21.160.243
870,Mike,Gilvear,mgilvearld@qq.com,Male,24.151.65.175
871,Gauthier,Tucsell,gtucsellle@phoca.cz,Male,197.8.221.166
872,Spense,Gartland,sgartlandlf@usgs.gov,Male,143.8.139.125
873,Ric,Cuolahan,rcuolahanlg@buzzfeed.com,Male,53.149.155.128
874,Lorilyn,Biggerdike,lbiggerdikelh@bbc.co.uk,Female,121.65.10.123
875,Allis,Allsupp,aallsuppli@umn.edu,Female,23.25.155.136
876,Vitia,Tyas,vtyaslj@netscape.com,Female,152.27.52.77
877,Querida,Vedishchev,qvedishchevlk@quantcast.com,Female,162.16.206.242
878,Falito,Summers,fsummersll@slate.com,Non-binary,46.218.21.163
879,Lelah,Alejandro,lalejandrolm@blogs.com,Female,117.76.105.174
880,Wallie,Bilovus,wbilovusln@simplemachines.org,Female,116.29.43.219
881,Ferguson,Cowlam,fcowlamlo@hubpages.com,Male,91.12.71.49
882,Arlen,Skin,askinlp@freewebs.com,Non-binary,28.42.202.221
883,Fina,Sizeland,fsizelandlq@cafepress.com,Female,87.244.34.200
884,Karole,Aleevy,kaleevylr@mysql.com,Female,6.196.34.225
885,Ashbey,Boyer,aboyerls@cnn.com,Male,49.153.139.95
886,Caz,Biasi,cbiasilt@usnews.com,Male,134.36.77.186
887,Ulrich,Pryde,uprydelu@google.com.br,Male,114.234.195.65
888,Alyse,Goodey,agoodeylv@washington.edu,Female,50.94.116.56
889,Donaugh,MacAfee,dmacafeelw@sina.com.cn,Genderqueer,181.159.229.39
890,Loise,Rabbe,lrabbelx@yale.edu,Female,144.88.172.114
891,Rudiger,Martyns,rmartynsly@cocolog-nifty.com,Male,185.192.160.93
892,Georgina,Sutherby,gsutherbylz@icq.com,Female,96.224.161.233
893,Tracey,Gildroy,tgildroym0@smh.com.au,Genderqueer,134.199.197.163
894,Corabel,Clarycott,cclarycottm1@admin.ch,Female,8.122.70.25
895,Dilan,Wyon,dwyonm2@youku.com,Male,130.57.50.222
896,Drake,Giacopazzi,dgiacopazzim3@paginegialle.it,Male,101.175.198.130
897,Kippie,Adshad,kadshadm4@themeforest.net,Male,67.112.123.177
898,Travus,Casiero,tcasierom5@usatoday.com,Male,116.71.185.217
899,Danna,Enticknap,denticknapm6@parallels.com,Female,101.43.249.91
900,Natal,Szimoni,nszimonim7@dell.com,Male,220.104.135.57
901,Beatrisa,Mallan,bmallanm8@nifty.com,Female,50.229.131.192
902,Galvan,Helix,ghelixm9@house.gov,Agender,203.252.119.87
903,Marisa,Polsin,mpolsinma@nhs.uk,Female,183.99.92.137
904,Piotr,Le Galle,plegallemb@fema.gov,Male,79.25.115.31
905,Nickey,Yonnie,nyonniemc@github.io,Male,83.108.211.129
906,Tommie,Fleming,tflemingmd@ask.com,Female,189.30.139.202
907,Baryram,Primrose,bprimroseme@shinystat.com,Male,4.164.146.168
908,Tulley,Dufton,tduftonmf@vinaora.com,Male,8.229.184.168
909,Stanwood,Vigus,svigusmg@sina.com.cn,Genderqueer,43.76.11.172
910,Hill,Hughes,hhughesmh@csmonitor.com,Male,210.78.148.41
911,Mercy,Gamet,mgametmi@hostgator.com,Female,33.86.12.224
912,Harp,Skey,hskeymj@sphinn.com,Male,5.103.24.33
913,Erv,Routledge,eroutledgemk@g.co,Male,92.186.60.203
914,Almeria,Coalburn,acoalburnml@behance.net,Female,216.26.17.211
915,Garnet,Wilstead,gwilsteadmm@uol.com.br,Female,232.247.189.187
916,Monti,Fison,mfisonmn@xing.com,Male,190.177.245.125
917,Conny,Seniour,cseniourmo@biblegateway.com,Male,159.111.191.65
918,Kennett,Stearn,kstearnmp@boston.com,Male,110.188.100.153
919,Brier,Dawbery,bdawberymq@privacy.gov.au,Female,173.133.83.72
920,Dirk,Georgiades,dgeorgiadesmr@exblog.jp,Male,210.46.255.50
921,Silvester,Burgoin,sburgoinms@cloudflare.com,Male,85.63.95.253
922,Kendal,Sever,ksevermt@digg.com,Male,133.209.112.119
923,Riannon,Mielnik,rmielnikmu@addthis.com,Female,213.40.31.97
924,Raddie,Jorioz,rjoriozmv@census.gov,Male,181.79.204.107
925,Ulysses,Hedley,uhedleymw@marriott.com,Male,34.180.36.36
926,Stephana,Cuttin,scuttinmx@macromedia.com,Agender,55.87.230.39
927,Neila,Eva,nevamy@weibo.com,Non-binary,220.92.23.171
928,Corey,Coggles,ccogglesmz@hatena.ne.jp,Male,73.81.109.7
929,Aurelea,Brideoke,abrideoken0@huffingtonpost.com,Female,243.190.102.244
930,Vite,Tatham,vtathamn1@weather.com,Male,193.250.174.28
931,Kathe,Domenicone,kdomeniconen2@accuweather.com,Female,248.56.70.145
932,Cletus,Halson,chalsonn3@webs.com,Male,211.133.27.100
933,Pernell,Shorto,pshorton4@123-reg.co.uk,Male,168.73.1.173
934,Claudine,Whistlecraft,cwhistlecraftn5@shinystat.com,Female,37.54.37.162
935,Marja,Syddon,msyddonn6@ebay.co.uk,Female,100.185.204.228
936,Boonie,McCulley,bmcculleyn7@epa.gov,Male,43.224.170.209
937,Farleigh,Mucklo,fmucklon8@seattletimes.com,Male,157.166.29.225
938,Wildon,Cawker,wcawkern9@weather.com,Male,254.186.214.158
939,Dennie,Liversley,dliversleyna@prlog.org,Female,246.178.146.73
940,Tanney,Sisland,tsislandnb@wikipedia.org,Male,242.210.33.114
941,Hashim,Carme,hcarmenc@mayoclinic.com,Male,23.168.214.112
942,Wadsworth,Nieass,wnieassnd@bbc.co.uk,Male,13.238.166.16
943,Rubi,Avent,raventne@jiathis.com,Female,204.163.142.43
944,Aeriell,Brognot,abrognotnf@sfgate.com,Female,45.169.148.236
945,Wilhelm,Fairleigh,wfairleighng@ed.gov,Male,86.51.202.146
946,Tally,Sagrott,tsagrottnh@dell.com,Male,5.185.60.212
947,Phylis,MacFadyen,pmacfadyenni@amazonaws.com,Female,124.16.185.159
948,Joy,Taaffe,jtaaffenj@examiner.com,Female,136.88.136.185
949,Jarret,Wiszniewski,jwiszniewskink@uol.com.br,Male,199.239.152.6
950,Grethel,Isard,gisardnl@bloglines.com,Female,46.75.49.235
951,Tiler,Barbary,tbarbarynm@bloglines.com,Male,79.66.146.248
952,Farley,Mannakee,fmannakeenn@merriam-webster.com,Male,24.10.32.166
953,Genvieve,MacDuff,gmacduffno@usatoday.com,Female,20.99.94.50
954,Derril,Gunthorp,dgunthorpnp@webs.com,Male,56.143.205.169
955,Gorden,Hawes,ghawesnq@sogou.com,Male,148.160.113.139
956,Gonzales,Gobeau,ggobeaunr@ft.com,Male,116.32.114.26
957,Koo,Salerno,ksalernons@digg.com,Female,96.254.46.192
958,Devi,Kornyakov,dkornyakovnt@cnn.com,Female,163.169.169.183
959,Jordan,Albertson,jalbertsonnu@php.net,Male,111.113.249.46
960,Drew,Penas,dpenasnv@harvard.edu,Male,152.46.45.26
961,Zebedee,Parlour,zparlournw@fda.gov,Male,149.199.3.158
962,Denver,Iglesias,diglesiasnx@amazon.co.jp,Male,135.226.157.170
963,Celle,Olrenshaw,colrenshawny@mashable.com,Female,189.165.141.255
964,Thea,Torns,ttornsnz@posterous.com,Genderqueer,166.249.138.11
965,Cassy,Stetson,cstetsono0@xinhuanet.com,Female,7.4.236.42
966,Ashil,Blackley,ablackleyo1@webeden.co.uk,Female,116.206.75.201
967,Tully,Bryant,tbryanto2@bloglines.com,Male,226.89.223.28
968,Raff,Ramshaw,rramshawo3@businessinsider.com,Male,224.149.220.249
969,Sibelle,Christin,schristino4@whitehouse.gov,Female,179.223.89.37
970,Cirstoforo,Basilone,cbasiloneo5@hud.gov,Male,201.75.89.6
971,Ardyth,Moreinu,amoreinuo6@bizjournals.com,Female,236.226.218.121
972,Justino,Icom,jicomo7@latimes.com,Male,98.232.193.182
973,Goldi,Yeldon,gyeldono8@kickstarter.com,Female,98.192.6.2
974,Audry,Skeat,askeato9@go.com,Female,107.224.99.70
975,Toinette,Golde,tgoldeoa@ftc.gov,Female,0.77.68.182
976,Gustavo,Dedenham,gdedenhamob@tuttocitta.it,Male,186.27.250.80
977,Olive,Woodrow,owoodrowoc@wikia.com,Female,174.66.107.93
978,Torrey,McGregor,tmcgregorod@ameblo.jp,Male,96.32.246.31
979,Sherline,Turpin,sturpinoe@merriam-webster.com,Female,27.79.121.149
980,Theodosia,Carcas,tcarcasof@cafepress.com,Female,171.217.19.217
981,Mayor,McGrah,mmcgrahog@homestead.com,Bigender,168.237.169.12
982,Norine,Osbourne,nosbourneoh@networkadvertising.org,Bigender,61.184.193.126
983,Ammamaria,Ruoff,aruoffoi@cbsnews.com,Female,13.7.7.29
984,Faunie,Canto,fcantooj@themeforest.net,Female,198.159.11.169
985,Teodora,Kennealy,tkennealyok@businessweek.com,Female,55.208.246.216
986,Philomena,Weatherall,pweatherallol@hubpages.com,Female,12.124.248.237
987,Ida,Witson,iwitsonom@discuz.net,Female,90.254.190.107
988,Steffi,Golsby,sgolsbyon@google.nl,Female,32.130.192.255
989,Gilbertine,Elphinstone,gelphinstoneoo@upenn.edu,Bigender,146.194.246.87
990,Minetta,Conibear,mconibearop@twitpic.com,Female,191.207.88.210
991,Zorah,O'Rourke,zorourkeoq@ameblo.jp,Female,243.10.80.13
992,Carmencita,Daniel,cdanielor@google.co.uk,Female,16.151.33.241
993,Cathryn,Smethurst,csmethurstos@baidu.com,Female,198.124.104.233
994,Krisha,Gunn,kgunnot@wsj.com,Male,56.151.175.216
995,Suzy,Mattersey,smatterseyou@edublogs.org,Non-binary,187.126.55.227
996,Quentin,Farrington,qfarringtonov@cargocollective.com,Female,214.183.233.16
997,Debora,Chandlar,dchandlarow@odnoklassniki.ru,Agender,227.220.160.154
998,Elston,Maskew,emaskewox@craigslist.org,Male,118.103.72.26
999,Bondy,Ouchterlony,bouchterlonyoy@wordpress.org,Male,96.7.106.55
1000,Harmonia,Scone,hsconeoz@deviantart.com,Female,241.243.51.243
1001,Roderick,Phorsby,rphorsbyp0@mapquest.com,Male,110.110.32.55
1002,Jameson,Marriott,jmarriottp1@oaic.gov.au,Male,34.208.229.70
1003,Cornelle,Thomson,cthomsonp2@purevolume.com,Female,104.192.107.139
1004,Judie,Wray,jwrayp3@biglobe.ne.jp,Female,8.108.35.106
1005,Sallyanne,Casper,scasperp4@craigslist.org,Female,220.146.172.73
1006,Kelby,Finlan,kfinlanp5@accuweather.com,Male,134.194.21.156
1007,Layney,Rabbitts,lrabbittsp6@pinterest.com,Polygender,87.143.9.15
1008,Glen,Le Grove,glegrovep7@deviantart.com,Agender,6.78.249.166
1009,Kirbie,Jakeway,kjakewayp8@va.gov,Female,73.55.87.92
1010,Anna-maria,Jarvie,ajarviep9@time.com,Non-binary,111.183.109.225
1011,Teri,Pellington,tpellingtonpa@accuweather.com,Non-binary,151.148.184.242
1012,Gerrilee,Ackenhead,gackenheadpb@furl.net,Female,172.15.192.114
1013,Ryun,Scurrey,rscurreypc@tinypic.com,Male,34.40.118.234
1014,Zachery,Hasney,zhasneypd@who.int,Male,151.78.97.217
1015,Ogdan,Whitrod,owhitrodpe@etsy.com,Male,83.26.3.209
1016,Salome,Gwin,sgwinpf@paginegialle.it,Female,238.48.57.150
1017,Lauritz,Semiras,lsemiraspg@abc.net.au,Male,111.57.48.254
1018,Loren,Castaneda,lcastanedaph@chicagotribune.com,Female,166.21.13.121
1019,Issi,Vian,ivianpi@bravesites.com,Female,117.210.202.136
1020,Mordy,Stockoe,mstockoepj@samsung.com,Male,246.114.43.229
1021,Angelle,Whitehair,awhitehairpk@walmart.com,Bigender,80.10.48.48
1022,Butch,Scrowson,bscrowsonpl@nydailynews.com,Male,103.117.73.198
1023,Griffith,Cohalan,gcohalanpm@chron.com,Male,3.204.233.64
1024,Emmaline,Nisuis,enisuispn@hud.gov,Female,18.80.8.186
1025,Auberta,Seabrooke,aseabrookepo@dion.ne.jp,Female,217.231.117.9
1026,Nate,Grayson,ngraysonpp@cocolog-nifty.com,Male,227.151.226.75
1027,Harry,Kroon,hkroonpq@ebay.co.uk,Male,118.237.224.51
1028,Merola,Cofax,mcofaxpr@chicagotribune.com,Female,116.132.86.162
1029,Karena,Tremain,ktremainps@yahoo.com,Female,227.78.38.13
1030,Domenico,Ulrik,dulrikpt@nifty.com,Male,98.106.135.212
1031,Ramsey,Rennison,rrennisonpu@shareasale.com,Male,23.181.201.219
1032,Mela,Teaze,mteazepv@360.cn,Female,249.120.102.22
1033,Ethan,Tritten,etrittenpw@4shared.com,Male,221.14.238.25
1034,Charlean,Vequaud,cvequaudpx@columbia.edu,Female,179.152.165.4
1035,Callie,Frankum,cfrankumpy@blinklist.com,Female,207.248.235.187
1036,Albrecht,Mac Geaney,amacgeaneypz@edublogs.org,Male,99.16.193.96
1037,Finn,Krugmann,fkrugmannq0@smh.com.au,Male,67.163.55.148
1038,Parsifal,Greenroyd,pgreenroydq1@ucoz.com,Male,11.55.196.14
1039,Carly,Armsby,carmsbyq2@berkeley.edu,Female,155.111.12.178
1040,Lucias,Smidmore,lsmidmoreq3@nydailynews.com,Male,159.44.200.76
1041,Winny,Petru,wpetruq4@clickbank.net,Male,116.241.249.131
1042,Haven,Ege,hegeq5@blinklist.com,Male,127.121.33.173
1043,Robbyn,Torregiani,rtorregianiq6@godaddy.com,Female,209.144.39.207
1044,Bear,Saur,bsaurq7@springer.com,Male,117.192.230.232
1045,Othelia,Kiwitz,okiwitzq8@people.com.cn,Female,239.172.129.240
1046,Gifford,Rosenshine,grosenshineq9@pagesperso-orange.fr,Male,242.177.247.186
1047,Celisse,Frood,cfroodqa@sfgate.com,Female,252.244.202.12
1048,Red,Thewys,rthewysqb@nationalgeographic.com,Male,14.37.238.198
1049,Hank,Fenge,hfengeqc@theatlantic.com,Male,34.28.47.85
1050,Rosanne,Cowley,rcowleyqd@earthlink.net,Female,48.203.27.110
1051,Bartram,Kopelman,bkopelmanqe@chronoengine.com,Male,4.140.170.117
1052,Reginald,Ofer,roferqf@hostgator.com,Male,6.76.68.81
1053,Tammy,Biesterfeld,tbiesterfeldqg@nature.com,Female,192.247.186.163
1054,Robby,Brunning,rbrunningqh@google.com.au,Male,60.134.246.7
1055,Mindy,Penwright,mpenwrightqi@xrea.com,Female,127.165.7.244
1056,Raimondo,McCreagh,rmccreaghqj@senate.gov,Male,200.9.246.124
1057,Lianne,Onians,loniansqk@digg.com,Female,96.176.54.5
1058,Chad,Zaniolo,czanioloql@plala.or.jp,Male,144.227.146.52
1059,Hernando,Hellwing,hhellwingqm@google.cn,Male,73.128.113.111
1060,Albert,Tonner,atonnerqn@amazon.co.uk,Male,97.241.180.226
1061,Wolf,Klejin,wklejinqo@nsw.gov.au,Male,218.37.167.71
1062,Garrot,Gandey,ggandeyqp@chron.com,Male,164.112.155.23
1063,Dot,Luis,dluisqq@usgs.gov,Agender,199.116.158.222
1064,Kilian,Glasscoo,kglasscooqr@vinaora.com,Male,85.197.2.30
1065,Eirena,Caller,ecallerqs@yolasite.com,Female,197.195.173.33
1066,Alexine,Hughill,ahughillqt@hatena.ne.jp,Female,243.133.206.62
1067,Krystalle,Duffil,kduffilqu@marriott.com,Female,163.72.220.190
1068,Rufe,Bucklan,rbucklanqv@gravatar.com,Male,101.116.82.198
1069,Corliss,Mizzen,cmizzenqw@boston.com,Female,27.44.137.198
1070,Tabbi,Westoff,twestoffqx@twitpic.com,Female,1.156.59.59
1071,Nadiya,Blasetti,nblasettiqy@intel.com,Female,236.5.216.199
1072,Quill,Borrill,qborrillqz@spotify.com,Male,32.83.222.129
1073,Gloriana,Denidge,gdenidger0@ycombinator.com,Non-binary,223.112.173.73
1074,Rollo,Southern,rsouthernr1@mysql.com,Male,193.71.217.97
1075,Barnabe,Lory,bloryr2@wikispaces.com,Male,9.211.118.50
1076,Clayborne,Davitashvili,cdavitashvilir3@wikimedia.org,Male,14.227.151.125
1077,Cassaundra,Baudinelli,cbaudinellir4@japanpost.jp,Female,83.12.194.231
1078,Mallissa,McGonigle,mmcgonigler5@theguardian.com,Female,36.100.17.195
1079,Dewie,Lighton,dlightonr6@purevolume.com,Polygender,178.73.247.248
1080,Hugibert,Bayman,hbaymanr7@reference.com,Male,60.4.50.48
1081,Silas,Glavis,sglavisr8@discuz.net,Agender,247.252.224.83
1082,Kamilah,Josuweit,kjosuweitr9@mapy.cz,Female,248.195.106.63
1083,Nelle,Blaksley,nblaksleyra@freewebs.com,Female,143.101.89.229
1084,Bev,Brute,bbruterb@gnu.org,Female,14.68.124.184
1085,Eartha,Gilham,egilhamrc@odnoklassniki.ru,Female,65.0.245.244
1086,Koressa,Eallis,keallisrd@soup.io,Female,37.14.58.152
1087,Wallie,Pinckney,wpinckneyre@answers.com,Male,62.74.6.163
1088,Rennie,Simeons,rsimeonsrf@arstechnica.com,Female,121.130.217.208
1089,Matt,Cherrington,mcherringtonrg@chronoengine.com,Male,81.244.236.19
1090,Wye,Cornelissen,wcornelissenrh@dyndns.org,Male,40.215.103.17
1091,Dee,Damsell,ddamsellri@wikipedia.org,Female,58.55.249.202
1092,Pacorro,Geldard,pgeldardrj@biblegateway.com,Male,34.37.114.117
1093,Lyell,Nuccitelli,lnuccitellirk@creativecommons.org,Male,57.135.10.187
1094,Marci,Clemintoni,mclemintonirl@newsvine.com,Female,244.64.72.181
1095,Donica,Castledine,dcastledinerm@theguardian.com,Female,197.112.118.23
1096,Mag,Gianni,mgiannirn@mac.com,Female,128.107.161.57
1097,Gwendolin,Bensley,gbensleyro@jimdo.com,Female,45.78.86.217
1098,Palm,Kollasch,pkollaschrp@fda.gov,Male,49.246.96.191
1099,Barrie,Eastbrook,beastbrookrq@phpbb.com,Male,215.137.148.87
1100,Kathi,Rouzet,krouzetrr@nationalgeographic.com,Female,182.251.235.215
